responsibility_id	owner	caller_status	contract_ids	disposition
CF-activation	cloudflare	production-observed-source	CF-C06,CF-C21	Compatibility rules above cover this maintained boundary; exact implementation details remain free unless explicitly identified.
CF-apply	cloudflare	production-observed-source	CF-C05,CF-C20	Compatibility rules above cover this maintained boundary; exact implementation details remain free unless explicitly identified.
CF-artifact	cloudflare	production-observed-source	CF-C01,CF-C02	Compatibility rules above cover this maintained boundary; exact implementation details remain free unless explicitly identified.
CF-asset-bundle	cloudflare	conditional-production	CF-C09,CF-C35,CF-C36	Compatibility rules above cover this maintained boundary; exact implementation details remain free unless explicitly identified.
CF-bundle	cloudflare	production-observed-source	CF-C09,CF-C12,CF-C13,CF-C14,CF-C24,CF-C35,CF-C36	Compatibility rules above cover this maintained boundary; exact implementation details remain free unless explicitly identified.
CF-canonical-mutation	cloudflare	production-observed-source	CF-C22	Compatibility rules above cover this maintained boundary; exact implementation details remain free unless explicitly identified.
CF-canonical-policy	cloudflare	production-observed-source	CF-C06,CF-C07,CF-C12,CF-C21,CF-C22	Compatibility rules above cover this maintained boundary; exact implementation details remain free unless explicitly identified.
CF-canonical-read	cloudflare	production-observed-source	CF-C22	Compatibility rules above cover this maintained boundary; exact implementation details remain free unless explicitly identified.
CF-cli	cloudflare	production-observed-source	CF-C03,CF-C28	Compatibility rules above cover this maintained boundary; exact implementation details remain free unless explicitly identified.
CF-compat	cloudflare	production-observed-source	CF-C06,CF-C07	Compatibility rules above cover this maintained boundary; exact implementation details remain free unless explicitly identified.
CF-context-stdlib	cloudflare	conditional-production	CF-C26	Compatibility rules above cover this maintained boundary; exact implementation details remain free unless explicitly identified.
CF-deploy-plan	cloudflare	production-observed-source	CF-C18,CF-C19	Compatibility rules above cover this maintained boundary; exact implementation details remain free unless explicitly identified.
CF-deploy-review	cloudflare	production-observed-source	CF-C05,CF-C07,CF-C18,CF-C19	Compatibility rules above cover this maintained boundary; exact implementation details remain free unless explicitly identified.
CF-diagnostics	cloudflare	conditional-production	CF-C14,CF-C15,CF-C16,CF-C17	Compatibility rules above cover this maintained boundary; exact implementation details remain free unless explicitly identified.
CF-dispatch-composition	cloudflare	test-only-observed-call	CF-C25	Compatibility rules above cover this maintained boundary; exact implementation details remain free unless explicitly identified.
CF-dispatch-driver	cloudflare	conditional-production	CF-C25	Compatibility rules above cover this maintained boundary; exact implementation details remain free unless explicitly identified.
CF-dispatch-staging	cloudflare	conditional-production	CF-C12,CF-C25	Compatibility rules above cover this maintained boundary; exact implementation details remain free unless explicitly identified.
CF-dist-integrity	cloudflare	conditional-production	CF-C08,CF-C10	Compatibility rules above cover this maintained boundary; exact implementation details remain free unless explicitly identified.
CF-docs	cloudflare	production-observed-source	CF-C03,CF-C04	Compatibility rules above cover this maintained boundary; exact implementation details remain free unless explicitly identified.
CF-env-stores	cloudflare	production-observed-source	CF-C22	Compatibility rules above cover this maintained boundary; exact implementation details remain free unless explicitly identified.
CF-exports	cloudflare	production-observed-source	CF-C35	Compatibility rules above cover this maintained boundary; exact implementation details remain free unless explicitly identified.
CF-fanout-composition	cloudflare	test-only-observed-call	CF-C25	Compatibility rules above cover this maintained boundary; exact implementation details remain free unless explicitly identified.
CF-fanout-driving	cloudflare	conditional-production	CF-C25	Compatibility rules above cover this maintained boundary; exact implementation details remain free unless explicitly identified.
CF-fanout-staging	cloudflare	conditional-production	CF-C12,CF-C25	Compatibility rules above cover this maintained boundary; exact implementation details remain free unless explicitly identified.
CF-grant-route	cloudflare	production-observed-source	CF-C22	Compatibility rules above cover this maintained boundary; exact implementation details remain free unless explicitly identified.
CF-handler-context	cloudflare	production-observed-source	CF-C22,CF-C23	Compatibility rules above cover this maintained boundary; exact implementation details remain free unless explicitly identified.
CF-imports	cloudflare	production-observed-source	CF-C11,CF-C12,CF-C13,CF-C14	Compatibility rules above cover this maintained boundary; exact implementation details remain free unless explicitly identified.
CF-in-memory-assembly	cloudflare	production-observed-source	CF-C11,CF-C13,CF-C14,CF-C26,CF-C35	Compatibility rules above cover this maintained boundary; exact implementation details remain free unless explicitly identified.
CF-installed-runtime	cloudflare	production-observed-source	CF-C06	Compatibility rules above cover this maintained boundary; exact implementation details remain free unless explicitly identified.
CF-legacy-executors	cloudflare	test-only-observed-call	CF-C26	Compatibility rules above cover this maintained boundary; exact implementation details remain free unless explicitly identified.
CF-local-defaults	cloudflare	production-observed-source	CF-C03,CF-C27	Compatibility rules above cover this maintained boundary; exact implementation details remain free unless explicitly identified.
CF-local-host	cloudflare	production-observed-source	CF-C27,CF-C28	Compatibility rules above cover this maintained boundary; exact implementation details remain free unless explicitly identified.
CF-local-rows	cloudflare	production-observed-source	CF-C27,CF-C28	Compatibility rules above cover this maintained boundary; exact implementation details remain free unless explicitly identified.
CF-maps	cloudflare	production-observed-source	CF-C14,CF-C15,CF-C17	Compatibility rules above cover this maintained boundary; exact implementation details remain free unless explicitly identified.
CF-mcp-permissions	cloudflare	production-observed-source	CF-C22	Compatibility rules above cover this maintained boundary; exact implementation details remain free unless explicitly identified.
CF-mcp-registry	cloudflare	production-observed-source	CF-C22	Compatibility rules above cover this maintained boundary; exact implementation details remain free unless explicitly identified.
CF-native-artifact	cloudflare	prototype-unadopted	CF-C01,CF-C02,CF-C31,CF-C32	Compatibility rules above cover this maintained boundary; exact implementation details remain free unless explicitly identified.
CF-native-build-tool	cloudflare	conditional-production	CF-C08,CF-C29,CF-C33	Compatibility rules above cover this maintained boundary; exact implementation details remain free unless explicitly identified.
CF-native-entry	cloudflare	prototype-unadopted	CF-C29,CF-C30,CF-C32	Compatibility rules above cover this maintained boundary; exact implementation details remain free unless explicitly identified.
CF-native-frame	cloudflare	prototype-unadopted	CF-C30,CF-C32	Compatibility rules above cover this maintained boundary; exact implementation details remain free unless explicitly identified.
CF-native-host-protocol	cloudflare	prototype-unadopted	CF-C29,CF-C30,CF-C31	Compatibility rules above cover this maintained boundary; exact implementation details remain free unless explicitly identified.
CF-native-integrity	cloudflare	prototype-unadopted	CF-C08,CF-C09,CF-C10,CF-C33	Compatibility rules above cover this maintained boundary; exact implementation details remain free unless explicitly identified.
CF-native-modules	cloudflare	prototype-unadopted	CF-C11,CF-C13,CF-C31,CF-C32	Compatibility rules above cover this maintained boundary; exact implementation details remain free unless explicitly identified.
CF-native-package-tool	cloudflare	conditional-production	CF-C08,CF-C29,CF-C33	Compatibility rules above cover this maintained boundary; exact implementation details remain free unless explicitly identified.
CF-native-plan	cloudflare	prototype-unadopted	CF-C18,CF-C19,CF-C21,CF-C31,CF-C32	Compatibility rules above cover this maintained boundary; exact implementation details remain free unless explicitly identified.
CF-native-selection	cloudflare	prototype-unadopted	CF-C29,CF-C33,CF-C34	Compatibility rules above cover this maintained boundary; exact implementation details remain free unless explicitly identified.
CF-producer-lookup	cloudflare	production-observed-source	CF-C08,CF-C13,CF-C35	Compatibility rules above cover this maintained boundary; exact implementation details remain free unless explicitly identified.
CF-publication	cloudflare	test-only-observed-call	CF-C13,CF-C20	Compatibility rules above cover this maintained boundary; exact implementation details remain free unless explicitly identified.
CF-selected-receipt	cloudflare	conditional-production	CF-C24	Compatibility rules above cover this maintained boundary; exact implementation details remain free unless explicitly identified.
CF-ts-build	cloudflare	production-observed-source	CF-C03,CF-C08,CF-C10	Compatibility rules above cover this maintained boundary; exact implementation details remain free unless explicitly identified.
CF-ts-deploy	cloudflare	production-observed-source	CF-C03,CF-C05,CF-C20	Compatibility rules above cover this maintained boundary; exact implementation details remain free unless explicitly identified.
CF-ts-host-helpers	cloudflare	production-observed-source	CF-C03,CF-C07	Compatibility rules above cover this maintained boundary; exact implementation details remain free unless explicitly identified.
CF-upgrade-sequence	cloudflare	test-only-observed-call	CF-C21	Compatibility rules above cover this maintained boundary; exact implementation details remain free unless explicitly identified.
CF-worker-composition	cloudflare	production-observed-source	CF-C06,CF-C12,CF-C22,CF-C23,CF-C36	Compatibility rules above cover this maintained boundary; exact implementation details remain free unless explicitly identified.
CF-worker-main	cloudflare	production-observed-source	CF-C12,CF-C22,CF-C23,CF-C35	Compatibility rules above cover this maintained boundary; exact implementation details remain free unless explicitly identified.
K-facts	work-kernel	prototype-unadopted	SW-083,SW-084	Crosswalked owning outcomes/current source seams; prototype candidates inherit donor rules only as proposed parity scope, not adoption.
K-host	work-kernel	prototype-unadopted	SW-084	Crosswalked owning outcomes/current source seams; prototype candidates inherit donor rules only as proposed parity scope, not adoption.
K-native	work-kernel	prototype-unadopted	SW-055,SW-056,SW-059,SW-060,SW-061,SW-062,SW-063,SW-064,SW-066,SW-067,SW-068,SW-070,SW-071,SW-077,SW-083,SW-085,SW-086	Crosswalked owning outcomes/current source seams; prototype candidates inherit donor rules only as proposed parity scope, not adoption.
K-surface	work-kernel	type-contract	SW-083,SW-088	Crosswalked owning outcomes/current source seams; prototype candidates inherit donor rules only as proposed parity scope, not adoption.
K-ts-every	work-kernel	prototype-unadopted	SW-055,SW-056,SW-085,SW-086	Crosswalked owning outcomes/current source seams; prototype candidates inherit donor rules only as proposed parity scope, not adoption.
K-ts-lifecycle	work-kernel	prototype-unadopted	SW-059,SW-078,SW-080,SW-085	Crosswalked owning outcomes/current source seams; prototype candidates inherit donor rules only as proposed parity scope, not adoption.
K-ts-linkage	work-kernel	prototype-unadopted	SW-041,SW-085	Crosswalked owning outcomes/current source seams; prototype candidates inherit donor rules only as proposed parity scope, not adoption.
K-ts-receipt	work-kernel	prototype-unadopted	SW-066,SW-067,SW-068,SW-069,SW-070,SW-071,SW-073,SW-084,SW-085	Crosswalked owning outcomes/current source seams; prototype candidates inherit donor rules only as proposed parity scope, not adoption.
K-ts-recovery	work-kernel	prototype-unadopted	SW-061,SW-062,SW-071,SW-073,SW-075,SW-080,SW-082,SW-085	Crosswalked owning outcomes/current source seams; prototype candidates inherit donor rules only as proposed parity scope, not adoption.
K-ts-retry	work-kernel	prototype-unadopted	SW-059,SW-060,SW-085	Crosswalked owning outcomes/current source seams; prototype candidates inherit donor rules only as proposed parity scope, not adoption.
K-ts-rows	work-kernel	prototype-unadopted	SW-056,SW-063,SW-064,SW-075,SW-077,SW-083,SW-084,SW-085,SW-086	Crosswalked owning outcomes/current source seams; prototype candidates inherit donor rules only as proposed parity scope, not adoption.
S-DO	state	test-only-observed-call	SW-001,SW-002,SW-003,SW-008,SW-021,SW-036,SW-037,SW-048,SW-089	Crosswalked owning outcomes/current source seams; prototype candidates inherit donor rules only as proposed parity scope, not adoption.
S-authority	state	production-observed-source	SW-012,SW-015,SW-016,SW-017,SW-018,SW-067	Crosswalked owning outcomes/current source seams; prototype candidates inherit donor rules only as proposed parity scope, not adoption.
S-child-join	state	test-only-observed-call	SW-005,SW-040,SW-041,SW-076,SW-079	Crosswalked owning outcomes/current source seams; prototype candidates inherit donor rules only as proposed parity scope, not adoption.
S-d1-core	state	production-observed-source	SW-001,SW-002,SW-003,SW-008,SW-036,SW-037,SW-089	Crosswalked owning outcomes/current source seams; prototype candidates inherit donor rules only as proposed parity scope, not adoption.
S-d1-work	state	conditional-production	SW-021,SW-033,SW-048,SW-052,SW-054,SW-061	Crosswalked owning outcomes/current source seams; prototype candidates inherit donor rules only as proposed parity scope, not adoption.
S-descriptors	state	production-observed-source	SW-009,SW-022,SW-023,SW-024,SW-025,SW-027,SW-038	Crosswalked owning outcomes/current source seams; prototype candidates inherit donor rules only as proposed parity scope, not adoption.
S-dispatch-join	state	conditional-production	SW-005,SW-039	Crosswalked owning outcomes/current source seams; prototype candidates inherit donor rules only as proposed parity scope, not adoption.
S-effects	state	production-observed-source	SW-033,SW-034,SW-035,SW-039,SW-052	Crosswalked owning outcomes/current source seams; prototype candidates inherit donor rules only as proposed parity scope, not adoption.
S-fanout-freeze	state	conditional-production	SW-019,SW-075,SW-076,SW-077,SW-081,SW-082	Crosswalked owning outcomes/current source seams; prototype candidates inherit donor rules only as proposed parity scope, not adoption.
S-fanout-lifecycle	state	conditional-production	SW-004,SW-015,SW-040,SW-078,SW-079,SW-080	Crosswalked owning outcomes/current source seams; prototype candidates inherit donor rules only as proposed parity scope, not adoption.
S-fanout-progress	state	conditional-production	SW-080,SW-082	Crosswalked owning outcomes/current source seams; prototype candidates inherit donor rules only as proposed parity scope, not adoption.
S-fanout-shape	state	conditional-production	SW-064,SW-075,SW-077,SW-080,SW-086	Crosswalked owning outcomes/current source seams; prototype candidates inherit donor rules only as proposed parity scope, not adoption.
S-fence	state	production-observed-source	SW-001,SW-003,SW-004,SW-006,SW-007,SW-010,SW-068,SW-078	Crosswalked owning outcomes/current source seams; prototype candidates inherit donor rules only as proposed parity scope, not adoption.
S-invoke	state	production-observed-source	SW-002,SW-004,SW-005,SW-006,SW-007,SW-008,SW-009,SW-010,SW-011,SW-012,SW-013,SW-014,SW-015,SW-023,SW-024,SW-028,SW-029,SW-031,SW-036,SW-037,SW-038,SW-089,SW-090,SW-091	Crosswalked owning outcomes/current source seams; prototype candidates inherit donor rules only as proposed parity scope, not adoption.
S-memory	state	test-only-observed-call	SW-001,SW-002,SW-008,SW-021,SW-087	Crosswalked owning outcomes/current source seams; prototype candidates inherit donor rules only as proposed parity scope, not adoption.
S-migration-failure	state	test-only-observed-call	SW-045,SW-050	Crosswalked owning outcomes/current source seams; prototype candidates inherit donor rules only as proposed parity scope, not adoption.
S-migration-lifecycle	state	test-only-observed-call	SW-043,SW-045,SW-047,SW-049,SW-050	Crosswalked owning outcomes/current source seams; prototype candidates inherit donor rules only as proposed parity scope, not adoption.
S-migration-plan	state	test-only-observed-call	SW-043,SW-044,SW-047,SW-061,SW-089,SW-091	Crosswalked owning outcomes/current source seams; prototype candidates inherit donor rules only as proposed parity scope, not adoption.
S-migration-stage	state	test-only-observed-call	SW-044,SW-045,SW-046,SW-090	Crosswalked owning outcomes/current source seams; prototype candidates inherit donor rules only as proposed parity scope, not adoption.
S-migration-validation	state	test-only-observed-call	SW-030,SW-046,SW-090	Crosswalked owning outcomes/current source seams; prototype candidates inherit donor rules only as proposed parity scope, not adoption.
S-models-crud	state	production-observed-source	SW-022,SW-024,SW-026,SW-027,SW-030,SW-031,SW-032	Crosswalked owning outcomes/current source seams; prototype candidates inherit donor rules only as proposed parity scope, not adoption.
S-pipeline	state	production-observed-source	SW-002,SW-006,SW-018,SW-026,SW-027,SW-028,SW-029,SW-030,SW-031,SW-032,SW-035,SW-079,SW-090	Crosswalked owning outcomes/current source seams; prototype candidates inherit donor rules only as proposed parity scope, not adoption.
S-public-DO-test-worker	state	test-only-observed-call		Pure explicit fixture/support responsibility; source example text, local seed/build/loader helpers or test Worker RPC witness owning rules but do not independently define product behavior. Preserve fixture evidence when changing its actual owning rule; no production compatibility mandate follows from fixture export/reachability.
S-public-T18-fixture	state	generated-staged		Pure explicit fixture/support responsibility; source example text, local seed/build/loader helpers or test Worker RPC witness owning rules but do not independently define product behavior. Preserve fixture evidence when changing its actual owning rule; no production compatibility mandate follows from fixture export/reachability.
S-public-fanout-support	state	test-only-observed-call		Pure explicit fixture/support responsibility; source example text, local seed/build/loader helpers or test Worker RPC witness owning rules but do not independently define product behavior. Preserve fixture evidence when changing its actual owning rule; no production compatibility mandate follows from fixture export/reachability.
S-public-invocation-fixtures	state	test-only-observed-call		Pure explicit fixture/support responsibility; source example text, local seed/build/loader helpers or test Worker RPC witness owning rules but do not independently define product behavior. Preserve fixture evidence when changing its actual owning rule; no production compatibility mandate follows from fixture export/reachability.
S-public-mutation-fixtures	state	test-only-observed-call		Pure explicit fixture/support responsibility; source example text, local seed/build/loader helpers or test Worker RPC witness owning rules but do not independently define product behavior. Preserve fixture evidence when changing its actual owning rule; no production compatibility mandate follows from fixture export/reachability.
S-public-query-fixtures	state	test-only-observed-call		Pure explicit fixture/support responsibility; source example text, local seed/build/loader helpers or test Worker RPC witness owning rules but do not independently define product behavior. Preserve fixture evidence when changing its actual owning rule; no production compatibility mandate follows from fixture export/reachability.
S-query-other	state	test-only-observed-call	SW-004,SW-016,SW-017,SW-018,SW-019,SW-021	Crosswalked owning outcomes/current source seams; prototype candidates inherit donor rules only as proposed parity scope, not adoption.
S-query-records	state	production-observed-source	SW-016,SW-017,SW-018,SW-019,SW-020,SW-021,SW-090	Crosswalked owning outcomes/current source seams; prototype candidates inherit donor rules only as proposed parity scope, not adoption.
S-read-invoke	state	production-observed-source	SW-004,SW-020	Crosswalked owning outcomes/current source seams; prototype candidates inherit donor rules only as proposed parity scope, not adoption.
S-receipt-probe	state	production-observed-source	SW-074	Crosswalked owning outcomes/current source seams; prototype candidates inherit donor rules only as proposed parity scope, not adoption.
S-receipt-read	state	conditional-production	SW-012,SW-016,SW-022,SW-065,SW-066,SW-067,SW-068,SW-069,SW-070,SW-074,SW-089,SW-090	Crosswalked owning outcomes/current source seams; prototype candidates inherit donor rules only as proposed parity scope, not adoption.
S-receipt-write	state	test-only-observed-call	SW-005,SW-065,SW-066,SW-070,SW-072,SW-086	Crosswalked owning outcomes/current source seams; prototype candidates inherit donor rules only as proposed parity scope, not adoption.
S-storage-contract	state	production-observed-source	SW-001,SW-002,SW-036,SW-037,SW-038,SW-088	Crosswalked owning outcomes/current source seams; prototype candidates inherit donor rules only as proposed parity scope, not adoption.
S-storage-migration	state	test-only-observed-call	SW-002,SW-003,SW-043,SW-045,SW-047,SW-048,SW-049,SW-050	Crosswalked owning outcomes/current source seams; prototype candidates inherit donor rules only as proposed parity scope, not adoption.
S-surface	state	type-contract	SW-074,SW-088	Crosswalked owning outcomes/current source seams; prototype candidates inherit donor rules only as proposed parity scope, not adoption.
S-system	state	conditional-production	SW-003,SW-005,SW-033,SW-042,SW-054	Crosswalked owning outcomes/current source seams; prototype candidates inherit donor rules only as proposed parity scope, not adoption.
S-transact-wrappers	state	test-only-observed-call	SW-005,SW-020,SW-036	Crosswalked owning outcomes/current source seams; prototype candidates inherit donor rules only as proposed parity scope, not adoption.
W-dispatch	work	conditional-production	SW-004,SW-052,SW-057,SW-058,SW-077,SW-078,SW-080,SW-081,SW-082,SW-087,SW-092	Crosswalked owning outcomes/current source seams; prototype candidates inherit donor rules only as proposed parity scope, not adoption.
W-dispatch-commands	work	conditional-production	SW-004,SW-011,SW-039,SW-040,SW-042,SW-051,SW-053,SW-057,SW-058,SW-059,SW-063,SW-076,SW-078,SW-079,SW-091	Crosswalked owning outcomes/current source seams; prototype candidates inherit donor rules only as proposed parity scope, not adoption.
W-event	work	test-only-observed-call	SW-011,SW-053,SW-091	Crosswalked owning outcomes/current source seams; prototype candidates inherit donor rules only as proposed parity scope, not adoption.
W-every	work	test-only-observed-call	SW-055,SW-056,SW-086	Crosswalked owning outcomes/current source seams; prototype candidates inherit donor rules only as proposed parity scope, not adoption.
W-intent	work	test-only-observed-call	SW-033,SW-034,SW-051,SW-052,SW-076,SW-081,SW-086	Crosswalked owning outcomes/current source seams; prototype candidates inherit donor rules only as proposed parity scope, not adoption.
W-observe	work	conditional-production	SW-065,SW-066,SW-067,SW-068,SW-069,SW-070,SW-071,SW-073,SW-074	Crosswalked owning outcomes/current source seams; prototype candidates inherit donor rules only as proposed parity scope, not adoption.
W-port-types	work	type-contract	SW-052,SW-054,SW-057,SW-058,SW-061,SW-087	Crosswalked owning outcomes/current source seams; prototype candidates inherit donor rules only as proposed parity scope, not adoption.
W-progress	work	test-only-observed-call	SW-065,SW-068,SW-071,SW-072,SW-073,SW-092	Crosswalked owning outcomes/current source seams; prototype candidates inherit donor rules only as proposed parity scope, not adoption.
W-recovery	work	conditional-production	SW-021,SW-047,SW-058,SW-059,SW-061,SW-062,SW-071,SW-072,SW-073,SW-075,SW-080,SW-081,SW-082,SW-089,SW-091,SW-092	Crosswalked owning outcomes/current source seams; prototype candidates inherit donor rules only as proposed parity scope, not adoption.
W-retry-lifecycle	work	conditional-production	SW-059,SW-060,SW-069,SW-070,SW-092	Crosswalked owning outcomes/current source seams; prototype candidates inherit donor rules only as proposed parity scope, not adoption.
W-rows	work	conditional-production	SW-019,SW-051,SW-056,SW-058,SW-063,SW-064,SW-075,SW-077,SW-082,SW-086	Crosswalked owning outcomes/current source seams; prototype candidates inherit donor rules only as proposed parity scope, not adoption.
W-schedule	work	test-only-observed-call	SW-054	Crosswalked owning outcomes/current source seams; prototype candidates inherit donor rules only as proposed parity scope, not adoption.
W-schedule-commands	work	conditional-production	SW-042,SW-054,SW-055,SW-056,SW-063	Crosswalked owning outcomes/current source seams; prototype candidates inherit donor rules only as proposed parity scope, not adoption.
W-surface	work	type-contract	SW-074,SW-088	Crosswalked owning outcomes/current source seams; prototype candidates inherit donor rules only as proposed parity scope, not adoption.
W-test-doubles	work	test-only-observed-call	SW-087	Crosswalked owning outcomes/current source seams; prototype candidates inherit donor rules only as proposed parity scope, not adoption.
contracts-artifact	contracts	type-contract	cv.artifact-version,cv.artifact-descriptors	Exact rules mapped; no separate scaffold-mechanism preservation duty.
contracts-artifact-version	contracts	production-observed-source	cv.artifact-version	Exact rules mapped; no separate scaffold-mechanism preservation duty.
contracts-assembly	contracts	production-observed-source	cv.package-api	Exact rules mapped; no separate scaffold-mechanism preservation duty.
contracts-asset-helpers	contracts	public-api-no-observed-in-repo-call	cv.asset-helper	Exact rules mapped; no separate scaffold-mechanism preservation duty.
contracts-asset-types	contracts	production-observed-source	cv.asset-v1,cv.asset-v2	Exact rules mapped; no separate scaffold-mechanism preservation duty.
contracts-delivery-leaves	contracts	production-observed-source	cv.delivery-leaves	Exact rules mapped; no separate scaffold-mechanism preservation duty.
contracts-deployment	contracts	type-contract	cv.deployment	Exact rules mapped; no separate scaffold-mechanism preservation duty.
contracts-diagnostic	contracts	type-contract	cv.diagnostic	Exact rules mapped; no separate scaffold-mechanism preservation duty.
contracts-distribution	contracts	production-observed-source	cv.distribution	Exact rules mapped; no separate scaffold-mechanism preservation duty.
contracts-examples	contracts	type-contract	cv.examples	Exact rules mapped; no separate scaffold-mechanism preservation duty.
contracts-files	contracts	type-contract	cv.files	Exact rules mapped; no separate scaffold-mechanism preservation duty.
contracts-generated-forms	contracts	production-observed-source	cv.generated-control-kind,cv.generated-companions	Exact rules mapped; no separate scaffold-mechanism preservation duty.
contracts-identity	contracts	type-contract	cv.identity	Exact rules mapped; no separate scaffold-mechanism preservation duty.
contracts-identity-catalog	contracts	public-api-no-observed-in-repo-call	cv.identity-names	Exact rules mapped; no separate scaffold-mechanism preservation duty.
contracts-packaging	contracts	production-observed-source	cv.package-api	Exact rules mapped; no separate scaffold-mechanism preservation duty.
contracts-presentation-components	contracts	type-contract	cv.presentation-components	Exact rules mapped; no separate scaffold-mechanism preservation duty.
contracts-presentation-page	contracts	type-contract	cv.presentation-page	Exact rules mapped; no separate scaffold-mechanism preservation duty.
contracts-presentation-runtime	contracts	production-observed-source	cv.form-security-keys,cv.theme-default	Exact rules mapped; no separate scaffold-mechanism preservation duty.
contracts-reference	contracts	type-contract	cv.reference	Exact rules mapped; no separate scaffold-mechanism preservation duty.
contracts-services-descriptors	contracts	production-observed-source	cv.services-capabilities	Exact rules mapped; no separate scaffold-mechanism preservation duty.
contracts-services-types	contracts	type-contract	cv.services-results	Exact rules mapped; no separate scaffold-mechanism preservation duty.
contracts-state-execution	contracts	type-contract	cv.state-execution	Exact rules mapped; no separate scaffold-mechanism preservation duty.
contracts-state-migration	contracts	type-contract	cv.state-migration	Exact rules mapped; no separate scaffold-mechanism preservation duty.
contracts-state-storage	contracts	type-contract	cv.state-storage	Exact rules mapped; no separate scaffold-mechanism preservation duty.
contracts-values	contracts	type-contract	cv.value-shapes	Exact rules mapped; no separate scaffold-mechanism preservation duty.
contracts-wire-envelopes	contracts	type-contract	cv.wire-envelope	Exact rules mapped; no separate scaffold-mechanism preservation duty.
contracts-wire-runtime-policy	contracts	production-observed-source	cv.business-code,cv.http-status,cv.upload-default,cv.csv-limits,cv.collection-default,cv.collection-max,cv.page-record-max,cv.page-byte-max	Exact rules mapped; no separate scaffold-mechanism preservation duty.
contracts-work-fanout	contracts	type-contract	cv.work-fanout	Exact rules mapped; no separate scaffold-mechanism preservation duty.
contracts-work-lifecycle	contracts	type-contract	cv.work-lifecycle	Exact rules mapped; no separate scaffold-mechanism preservation duty.
contracts-work-observable-catalog	contracts	public-api-no-observed-in-repo-call	cv.work-observable	Exact rules mapped; no separate scaffold-mechanism preservation duty.
files-attachment-read	files	test-only-observed-call	AD-files-attachment-read	Listed boundaries cover this responsibility; exact source/test quirks outside explicit finite accepted profiles remain owner questions rather than automatically frozen requirements.
files-bridge	files	test-only-observed-call	AD-files-bridge	Listed boundaries cover this responsibility; exact source/test quirks outside explicit finite accepted profiles remain owner questions rather than automatically frozen requirements.
files-catalog	files	public-api-no-observed-in-repo-call	AD-files-catalog	Listed boundaries cover this responsibility; exact source/test quirks outside explicit finite accepted profiles remain owner questions rather than automatically frozen requirements.
files-distribution	files	generated-staged	AD-files-distribution	Listed boundaries cover this responsibility; exact source/test quirks outside explicit finite accepted profiles remain owner questions rather than automatically frozen requirements.
files-finalization	files	conditional-production	AD-files-finalization,AD-file-digest-encoding	Listed boundaries cover this responsibility; exact source/test quirks outside explicit finite accepted profiles remain owner questions rather than automatically frozen requirements.
files-fs-storage	files	test-only-observed-call	AD-files-fs-storage	Listed boundaries cover this responsibility; exact source/test quirks outside explicit finite accepted profiles remain owner questions rather than automatically frozen requirements.
files-port-contract	files	type-contract	AD-files-port-contract	Listed boundaries cover this responsibility; exact source/test quirks outside explicit finite accepted profiles remain owner questions rather than automatically frozen requirements.
files-provenance	files	conditional-production	AD-files-provenance	Listed boundaries cover this responsibility; exact source/test quirks outside explicit finite accepted profiles remain owner questions rather than automatically frozen requirements.
files-provider-output	files	test-only-observed-call	AD-files-provider-output,AD-file-retry-encoding	Listed boundaries cover this responsibility; exact source/test quirks outside explicit finite accepted profiles remain owner questions rather than automatically frozen requirements.
files-public-surface	files	public-api-no-observed-in-repo-call	AD-files-public-surface	Listed boundaries cover this responsibility; exact source/test quirks outside explicit finite accepted profiles remain owner questions rather than automatically frozen requirements.
files-retention	files	test-only-observed-call	AD-files-retention,AD-file-retention-clock	Listed boundaries cover this responsibility; exact source/test quirks outside explicit finite accepted profiles remain owner questions rather than automatically frozen requirements.
files-scenarios	files	test-only-observed-call		Explicit empty provider scenario set by design; real supplied bytes/kernel storage covered by file rules, no provider product compatibility implied. Evidence packages/files/src/scenarios.ts:2.
files-test-doubles	files	test-only-observed-call		Explicit TestOnly predictable/unbounded/non-atomic memory doubles; exported test API covered by public surface, fixture quirks are not production invariants. Evidence packages/files/src/ports.ts:22.
files-upload	files	conditional-production	AD-files-upload,AD-file-magic-scope,AD-file-digest-encoding	Listed boundaries cover this responsibility; exact source/test quirks outside explicit finite accepted profiles remain owner questions rather than automatically frozen requirements.
identity-account-registration	identity	conditional-production	AD-identity-account-registration,AD-email-identity,AD-verification-ttl,AD-session-ttl	Listed boundaries cover this responsibility; exact source/test quirks outside explicit finite accepted profiles remain owner questions rather than automatically frozen requirements.
identity-comparison	identity	conditional-production	AD-identity-comparison	Listed boundaries cover this responsibility; exact source/test quirks outside explicit finite accepted profiles remain owner questions rather than automatically frozen requirements.
identity-cookie	identity	production-observed-source	AD-identity-cookie,AD-cookie-first-target,AD-cookie-attributes	Listed boundaries cover this responsibility; exact source/test quirks outside explicit finite accepted profiles remain owner questions rather than automatically frozen requirements.
identity-credentials	identity	production-observed-source	AD-identity-credentials,AD-token-text-hash,AD-base64-decode-domain,AD-hex-admission	Listed boundaries cover this responsibility; exact source/test quirks outside explicit finite accepted profiles remain owner questions rather than automatically frozen requirements.
identity-csrf	identity	production-observed-source	AD-identity-csrf,AD-csrf-mechanism	Listed boundaries cover this responsibility; exact source/test quirks outside explicit finite accepted profiles remain owner questions rather than automatically frozen requirements.
identity-d1	identity	production-observed-source	AD-identity-d1,AD-identity-atomic-gap	Listed boundaries cover this responsibility; exact source/test quirks outside explicit finite accepted profiles remain owner questions rather than automatically frozen requirements.
identity-distribution	identity	generated-staged	AD-identity-distribution	Listed boundaries cover this responsibility; exact source/test quirks outside explicit finite accepted profiles remain owner questions rather than automatically frozen requirements.
identity-grants	identity	production-observed-source	AD-identity-grants,AD-grant-ttl	Listed boundaries cover this responsibility; exact source/test quirks outside explicit finite accepted profiles remain owner questions rather than automatically frozen requirements.
identity-invitations	identity	test-only-observed-call	AD-identity-invitations,AD-invitation-ttl,AD-identity-atomic-gap	Listed boundaries cover this responsibility; exact source/test quirks outside explicit finite accepted profiles remain owner questions rather than automatically frozen requirements.
identity-live-fence	identity	production-observed-source	AD-identity-live-fence	Listed boundaries cover this responsibility; exact source/test quirks outside explicit finite accepted profiles remain owner questions rather than automatically frozen requirements.
identity-login-presession	identity	conditional-production	AD-identity-login-presession,AD-presession-ttl,AD-identity-atomic-gap,AD-presession-origin-gap	Listed boundaries cover this responsibility; exact source/test quirks outside explicit finite accepted profiles remain owner questions rather than automatically frozen requirements.
identity-membership	identity	test-only-observed-call	AD-identity-membership,AD-identity-atomic-gap	Listed boundaries cover this responsibility; exact source/test quirks outside explicit finite accepted profiles remain owner questions rather than automatically frozen requirements.
identity-oauth	identity	conditional-production	AD-identity-oauth,AD-identity-atomic-gap,AD-oauth-code-ttl,AD-oauth-redirect-pkce-admission	Listed boundaries cover this responsibility; exact source/test quirks outside explicit finite accepted profiles remain owner questions rather than automatically frozen requirements.
identity-password	identity	conditional-production	AD-identity-password,AD-password-parser,AD-password-policy-knobs	Listed boundaries cover this responsibility; exact source/test quirks outside explicit finite accepted profiles remain owner questions rather than automatically frozen requirements.
identity-ports	identity	production-observed-source	AD-identity-ports	Listed boundaries cover this responsibility; exact source/test quirks outside explicit finite accepted profiles remain owner questions rather than automatically frozen requirements.
identity-public-surface	identity	production-observed-source	AD-identity-public-surface	Listed boundaries cover this responsibility; exact source/test quirks outside explicit finite accepted profiles remain owner questions rather than automatically frozen requirements.
identity-recovery	identity	conditional-production	AD-identity-recovery,AD-recovery-ttl,AD-identity-atomic-gap	Listed boundaries cover this responsibility; exact source/test quirks outside explicit finite accepted profiles remain owner questions rather than automatically frozen requirements.
identity-resolution	identity	production-observed-source	AD-identity-resolution	Listed boundaries cover this responsibility; exact source/test quirks outside explicit finite accepted profiles remain owner questions rather than automatically frozen requirements.
identity-revoke	identity	conditional-production	AD-identity-revoke	Listed boundaries cover this responsibility; exact source/test quirks outside explicit finite accepted profiles remain owner questions rather than automatically frozen requirements.
identity-roles	identity	test-only-observed-call	AD-identity-roles,AD-role-value-grammar,AD-identity-atomic-gap	Listed boundaries cover this responsibility; exact source/test quirks outside explicit finite accepted profiles remain owner questions rather than automatically frozen requirements.
identity-team-selection	identity	conditional-production	AD-identity-team-selection	Listed boundaries cover this responsibility; exact source/test quirks outside explicit finite accepted profiles remain owner questions rather than automatically frozen requirements.
identity-test-doubles	identity	test-only-observed-call		Memory store/frozen clock/mail outbox test support; no production behavior required by fixture implementation. Evidence packages/identity/src/testing.ts:1.
interfaces-assets	interfaces	test-only-observed-call	AD-interfaces-assets	Listed boundaries cover this responsibility; exact source/test quirks outside explicit finite accepted profiles remain owner questions rather than automatically frozen requirements.
interfaces-auth	interfaces	conditional-production	AD-interfaces-auth,AD-auth-get-interim	Listed boundaries cover this responsibility; exact source/test quirks outside explicit finite accepted profiles remain owner questions rather than automatically frozen requirements.
interfaces-contracts	interfaces	type-contract	AD-interfaces-contracts	Listed boundaries cover this responsibility; exact source/test quirks outside explicit finite accepted profiles remain owner questions rather than automatically frozen requirements.
interfaces-csv	interfaces	conditional-production	AD-interfaces-csv,AD-csv-exact-grammar,AD-csv-current-map,AD-csv-product-map,AD-csv-valid-duplicates,AD-csv-digest-wire,AD-csv-current-review,AD-csv-row-transactions,AD-csv-size-gap	Listed boundaries cover this responsibility; exact source/test quirks outside explicit finite accepted profiles remain owner questions rather than automatically frozen requirements.
interfaces-distribution	interfaces	generated-staged	AD-interfaces-distribution	Listed boundaries cover this responsibility; exact source/test quirks outside explicit finite accepted profiles remain owner questions rather than automatically frozen requirements.
interfaces-docs	interfaces	production-observed-source	AD-interfaces-docs	Listed boundaries cover this responsibility; exact source/test quirks outside explicit finite accepted profiles remain owner questions rather than automatically frozen requirements.
interfaces-errors	interfaces	production-observed-source	AD-interfaces-errors,AD-log-redaction-limit	Listed boundaries cover this responsibility; exact source/test quirks outside explicit finite accepted profiles remain owner questions rather than automatically frozen requirements.
interfaces-export	interfaces	conditional-production	AD-interfaces-export,AD-export-csv-bytes,AD-export-download-gap	Listed boundaries cover this responsibility; exact source/test quirks outside explicit finite accepted profiles remain owner questions rather than automatically frozen requirements.
interfaces-file-kernel-binding	interfaces	test-only-observed-call	AD-interfaces-file-kernel-binding	Listed boundaries cover this responsibility; exact source/test quirks outside explicit finite accepted profiles remain owner questions rather than automatically frozen requirements.
interfaces-form-rerender	interfaces	conditional-production	AD-interfaces-form-rerender	Listed boundaries cover this responsibility; exact source/test quirks outside explicit finite accepted profiles remain owner questions rather than automatically frozen requirements.
interfaces-http-limits	interfaces	production-observed-source	AD-interfaces-http-limits,AD-interface-body-knobs	Listed boundaries cover this responsibility; exact source/test quirks outside explicit finite accepted profiles remain owner questions rather than automatically frozen requirements.
interfaces-http-operation	interfaces	production-observed-source	AD-interfaces-http-operation,AD-http-anonymous-policy	Listed boundaries cover this responsibility; exact source/test quirks outside explicit finite accepted profiles remain owner questions rather than automatically frozen requirements.
interfaces-ingress	interfaces	conditional-production	AD-interfaces-ingress	Listed boundaries cover this responsibility; exact source/test quirks outside explicit finite accepted profiles remain owner questions rather than automatically frozen requirements.
interfaces-input-derivation	interfaces	production-observed-source	AD-interfaces-input-derivation	Listed boundaries cover this responsibility; exact source/test quirks outside explicit finite accepted profiles remain owner questions rather than automatically frozen requirements.
interfaces-intake	interfaces	test-only-observed-call	AD-interfaces-intake	Listed boundaries cover this responsibility; exact source/test quirks outside explicit finite accepted profiles remain owner questions rather than automatically frozen requirements.
interfaces-mcp	interfaces	production-observed-source	AD-interfaces-mcp	Listed boundaries cover this responsibility; exact source/test quirks outside explicit finite accepted profiles remain owner questions rather than automatically frozen requirements.
interfaces-oauth	interfaces	conditional-production	AD-interfaces-oauth	Listed boundaries cover this responsibility; exact source/test quirks outside explicit finite accepted profiles remain owner questions rather than automatically frozen requirements.
interfaces-pages	interfaces	conditional-production	AD-interfaces-pages	Listed boundaries cover this responsibility; exact source/test quirks outside explicit finite accepted profiles remain owner questions rather than automatically frozen requirements.
interfaces-prepared-mcp	interfaces	test-only-observed-call	AD-interfaces-prepared-mcp	Listed boundaries cover this responsibility; exact source/test quirks outside explicit finite accepted profiles remain owner questions rather than automatically frozen requirements.
interfaces-print	interfaces	conditional-production	AD-interfaces-print	Listed boundaries cover this responsibility; exact source/test quirks outside explicit finite accepted profiles remain owner questions rather than automatically frozen requirements.
interfaces-projection	interfaces	test-only-observed-call	AD-interfaces-projection	Listed boundaries cover this responsibility; exact source/test quirks outside explicit finite accepted profiles remain owner questions rather than automatically frozen requirements.
interfaces-public-surface	interfaces	production-observed-source	AD-interfaces-public-surface	Listed boundaries cover this responsibility; exact source/test quirks outside explicit finite accepted profiles remain owner questions rather than automatically frozen requirements.
interfaces-router	interfaces	test-only-observed-call	AD-interfaces-router	Listed boundaries cover this responsibility; exact source/test quirks outside explicit finite accepted profiles remain owner questions rather than automatically frozen requirements.
interfaces-test-doubles	interfaces	test-only-observed-call		Controlled transport clocks/registries/invoker/file seams; no product authority/durability from stubs. Evidence packages/interfaces/src/testing.ts:1.
interfaces-uploads	interfaces	conditional-production	AD-interfaces-uploads	Listed boundaries cover this responsibility; exact source/test quirks outside explicit finite accepted profiles remain owner questions rather than automatically frozen requirements.
interfaces-version-check	interfaces	test-only-observed-call	AD-interfaces-version-check	Listed boundaries cover this responsibility; exact source/test quirks outside explicit finite accepted profiles remain owner questions rather than automatically frozen requirements.
services-catalog	services	public-api-no-observed-in-repo-call	AD-services-catalog	Listed boundaries cover this responsibility; exact source/test quirks outside explicit finite accepted profiles remain owner questions rather than automatically frozen requirements.
services-distribution	services	generated-staged	AD-services-distribution	Listed boundaries cover this responsibility; exact source/test quirks outside explicit finite accepted profiles remain owner questions rather than automatically frozen requirements.
services-harness	services	test-only-observed-call		Real localhost scripted endpoints demonstrate adapter mappings, not remote provider truth; public test API export retained, scenario protocol covered separately. Evidence packages/services/src/ports.ts:8.
services-http	services	conditional-production	AD-services-http,AD-service-origin-policy,AD-service-cancel,AD-service-quota	Listed boundaries cover this responsibility; exact source/test quirks outside explicit finite accepted profiles remain owner questions rather than automatically frozen requirements.
services-judgments	services	test-only-observed-call	AD-services-judgments,AD-service-safe-errors	Listed boundaries cover this responsibility; exact source/test quirks outside explicit finite accepted profiles remain owner questions rather than automatically frozen requirements.
services-mail	services	test-only-observed-call	AD-services-mail,AD-service-safe-errors,AD-mail-classification,AD-mail-attachment-quota	Listed boundaries cover this responsibility; exact source/test quirks outside explicit finite accepted profiles remain owner questions rather than automatically frozen requirements.
services-media	services	test-only-observed-call	AD-services-media,AD-service-safe-errors,AD-media-graph-authority,AD-media-graph-digest	Listed boundaries cover this responsibility; exact source/test quirks outside explicit finite accepted profiles remain owner questions rather than automatically frozen requirements.
services-model	services	test-only-observed-call	AD-services-model,AD-service-safe-errors,AD-model-final-and-cancel	Listed boundaries cover this responsibility; exact source/test quirks outside explicit finite accepted profiles remain owner questions rather than automatically frozen requirements.
services-pagination	services	test-only-observed-call	AD-services-pagination	Listed boundaries cover this responsibility; exact source/test quirks outside explicit finite accepted profiles remain owner questions rather than automatically frozen requirements.
services-port-contract	services	conditional-production	AD-services-port-contract	Listed boundaries cover this responsibility; exact source/test quirks outside explicit finite accepted profiles remain owner questions rather than automatically frozen requirements.
services-port-test-defaults	services	test-only-observed-call		Fixed clock/ID/attachment sizes deterministic harness fixtures, not production security or clock policy. Evidence packages/services/src/ports.ts:5.
services-public-surface	services	public-api-no-observed-in-repo-call	AD-services-public-surface	Listed boundaries cover this responsibility; exact source/test quirks outside explicit finite accepted profiles remain owner questions rather than automatically frozen requirements.
services-scenarios	services	test-only-observed-call	AD-services-scenarios	Listed boundaries cover this responsibility; exact source/test quirks outside explicit finite accepted profiles remain owner questions rather than automatically frozen requirements.
stdlib-distribution	stdlib	production-observed-source	cv.distribution	Exact rules mapped; no separate scaffold-mechanism preservation duty.
stdlib-export-assembly	stdlib	conditional-production	sv.assembly	Exact rules mapped; no separate scaffold-mechanism preservation duty.
stdlib-packaging	stdlib	production-observed-source	sv.assembly	Exact rules mapped; no separate scaffold-mechanism preservation duty.
testkit-conformance-observers	testkit	test-only-observed-call		Records actuals and frozen snapshots, not independent product oracle; timing budgets explicitly UNRATIFIED. Evidence packages/testkit/conformance/ports/observations.mjs:15.
testkit-fixtures	testkit	test-only-observed-call	AD-testkit-fixtures	Listed boundaries cover this responsibility; exact source/test quirks outside explicit finite accepted profiles remain owner questions rather than automatically frozen requirements.
testkit-journey-fixtures	testkit	test-only-observed-call		B2 row/literal/structural evidence helpers do not add product guarantees; no fixture can substitute durable/fence/authority consumer proof. Evidence packages/testkit/src/fixtures/b2-delivery.ts:2.
testkit-loader-smoke	testkit	test-only-observed-call		Controlled fixture WASM ABI/startup/failure test profile only, not actual product ABI or full installed consumer qualification. Evidence packages/testkit/conformance/ports/loader-smoke/host.mjs:2.
testkit-local-scope	testkit	test-only-observed-call	AD-testkit-local-scope	Listed boundaries cover this responsibility; exact source/test quirks outside explicit finite accepted profiles remain owner questions rather than automatically frozen requirements.
testkit-playback	testkit	test-only-observed-call	AD-testkit-playback	Listed boundaries cover this responsibility; exact source/test quirks outside explicit finite accepted profiles remain owner questions rather than automatically frozen requirements.
testkit-public-surface	testkit	test-only-observed-call	AD-testkit-public-surface	Listed boundaries cover this responsibility; exact source/test quirks outside explicit finite accepted profiles remain owner questions rather than automatically frozen requirements.
testkit-report	testkit	test-only-observed-call	AD-testkit-report	Listed boundaries cover this responsibility; exact source/test quirks outside explicit finite accepted profiles remain owner questions rather than automatically frozen requirements.
testkit-runner	testkit	test-only-observed-call	AD-testkit-runner,AD-testkit-sequence-gap	Listed boundaries cover this responsibility; exact source/test quirks outside explicit finite accepted profiles remain owner questions rather than automatically frozen requirements.
ui-browser-bootstrap	ui	generated-staged	AD-ui-browser-bootstrap,AD-ui-poll-contract,AD-ui-form-installed-gap	Listed boundaries cover this responsibility; exact source/test quirks outside explicit finite accepted profiles remain owner questions rather than automatically frozen requirements.
ui-browser-styles	ui	generated-staged	AD-ui-browser-styles	Listed boundaries cover this responsibility; exact source/test quirks outside explicit finite accepted profiles remain owner questions rather than automatically frozen requirements.
ui-build-assets	ui	generated-staged	AD-ui-build-assets	Listed boundaries cover this responsibility; exact source/test quirks outside explicit finite accepted profiles remain owner questions rather than automatically frozen requirements.
ui-catalog	ui	conditional-production	AD-ui-catalog	Listed boundaries cover this responsibility; exact source/test quirks outside explicit finite accepted profiles remain owner questions rather than automatically frozen requirements.
ui-collections	ui	conditional-production	AD-ui-collections,AD-csv-product-map	Listed boundaries cover this responsibility; exact source/test quirks outside explicit finite accepted profiles remain owner questions rather than automatically frozen requirements.
ui-component-renderers	ui	conditional-production	AD-ui-component-renderers	Listed boundaries cover this responsibility; exact source/test quirks outside explicit finite accepted profiles remain owner questions rather than automatically frozen requirements.
ui-csv-client	ui	test-only-observed-call	AD-ui-csv-client,AD-csv-product-map,AD-csv-digest-wire,AD-csv-current-review,AD-csv-row-transactions	Listed boundaries cover this responsibility; exact source/test quirks outside explicit finite accepted profiles remain owner questions rather than automatically frozen requirements.
ui-csv-grammar	ui	conditional-production	AD-ui-csv-grammar,AD-csv-exact-grammar	Listed boundaries cover this responsibility; exact source/test quirks outside explicit finite accepted profiles remain owner questions rather than automatically frozen requirements.
ui-distribution	ui	generated-staged	AD-ui-distribution	Listed boundaries cover this responsibility; exact source/test quirks outside explicit finite accepted profiles remain owner questions rather than automatically frozen requirements.
ui-error-client	ui	test-only-observed-call	AD-ui-error-client	Listed boundaries cover this responsibility; exact source/test quirks outside explicit finite accepted profiles remain owner questions rather than automatically frozen requirements.
ui-escaping	ui	conditional-production	AD-ui-escaping	Listed boundaries cover this responsibility; exact source/test quirks outside explicit finite accepted profiles remain owner questions rather than automatically frozen requirements.
ui-export-client	ui	test-only-observed-call	AD-ui-export-client,AD-export-download-gap	Listed boundaries cover this responsibility; exact source/test quirks outside explicit finite accepted profiles remain owner questions rather than automatically frozen requirements.
ui-form-client	ui	test-only-observed-call	AD-ui-form-client,AD-ui-form-installed-gap	Listed boundaries cover this responsibility; exact source/test quirks outside explicit finite accepted profiles remain owner questions rather than automatically frozen requirements.
ui-forms-projection	ui	conditional-production	AD-ui-forms-projection	Listed boundaries cover this responsibility; exact source/test quirks outside explicit finite accepted profiles remain owner questions rather than automatically frozen requirements.
ui-forms-render	ui	conditional-production	AD-ui-forms-render,AD-ui-form-installed-gap	Listed boundaries cover this responsibility; exact source/test quirks outside explicit finite accepted profiles remain owner questions rather than automatically frozen requirements.
ui-htmx	ui	conditional-production	AD-ui-htmx	Listed boundaries cover this responsibility; exact source/test quirks outside explicit finite accepted profiles remain owner questions rather than automatically frozen requirements.
ui-message	ui	conditional-production	AD-ui-message	Listed boundaries cover this responsibility; exact source/test quirks outside explicit finite accepted profiles remain owner questions rather than automatically frozen requirements.
ui-policy-review	ui	conditional-production	AD-ui-policy-review	Listed boundaries cover this responsibility; exact source/test quirks outside explicit finite accepted profiles remain owner questions rather than automatically frozen requirements.
ui-print-client	ui	test-only-observed-call	AD-ui-print-client	Listed boundaries cover this responsibility; exact source/test quirks outside explicit finite accepted profiles remain owner questions rather than automatically frozen requirements.
ui-public-surface	ui	conditional-production	AD-ui-public-surface	Listed boundaries cover this responsibility; exact source/test quirks outside explicit finite accepted profiles remain owner questions rather than automatically frozen requirements.
ui-settings	ui	test-only-observed-call	AD-ui-settings	Listed boundaries cover this responsibility; exact source/test quirks outside explicit finite accepted profiles remain owner questions rather than automatically frozen requirements.
ui-shell	ui	conditional-production	AD-ui-shell,AD-ui-shell-missing-join	Listed boundaries cover this responsibility; exact source/test quirks outside explicit finite accepted profiles remain owner questions rather than automatically frozen requirements.
values-array-aggregates	values	production-observed-source	vv.aggregate-final,vv.aggregate-pass-order,vv.extrema,vv.extrema-identity	Exact rules mapped; no separate scaffold-mechanism preservation duty.
values-array-predicates	values	public-api-no-observed-in-repo-call	vv.array-empty-identity,vv.array-predicates	Exact rules mapped; no separate scaffold-mechanism preservation duty.
values-array-shape	values	public-api-no-observed-in-repo-call	vv.array-order,vv.array-omission,vv.array-empty-identity	Exact rules mapped; no separate scaffold-mechanism preservation duty.
values-backend-ts	values	test-only-observed-call	vv.synchronous-backend,vv.backend-own-operation	Exact rules mapped; no separate scaffold-mechanism preservation duty.
values-backend-wasm	values	conditional-production	vv.immutable-carriers,vv.errors-prose,vv.exact-transport,vv.synchronous-backend,vv.bootstrap-integrity,vv.no-retry-rollout,vv.decimal-scale-negative-zero,vv.backend-own-operation,vv.transport-f64-roundtrip	Exact rules mapped; no separate scaffold-mechanism preservation duty.
values-bootstrap	values	conditional-production	vv.bootstrap-integrity,vv.no-retry-rollout	Exact rules mapped; no separate scaffold-mechanism preservation duty.
values-catalog	values	production-observed-source	vv.catalog	Exact rules mapped; no separate scaffold-mechanism preservation duty.
values-currency-generation	values	generated-staged	vv.currency-source	Exact rules mapped; no separate scaffold-mechanism preservation duty.
values-decimal-arithmetic	values	production-observed-source	vv.decimal-math,vv.round-operation,vv.money-guard-asymmetry	Exact rules mapped; no separate scaffold-mechanism preservation duty.
values-decimal-representation	values	production-observed-source	vv.decimal-representation,vv.decimal-lexeme,vv.decimal-print,vv.decimal-structural-admission,vv.decimal-scale-negative-zero	Exact rules mapped; no separate scaffold-mechanism preservation duty.
values-distribution	values	production-observed-source	cv.distribution	Exact rules mapped; no separate scaffold-mechanism preservation duty.
values-equality	values	production-observed-source	vv.money-currency,vv.typed-equality	Exact rules mapped; no separate scaffold-mechanism preservation duty.
values-errors	values	production-observed-source	vv.errors-typed,vv.errors-prose	Exact rules mapped; no separate scaffold-mechanism preservation duty.
values-export-assembly	values	production-observed-source	sv.assembly	Exact rules mapped; no separate scaffold-mechanism preservation duty.
values-generated-binding	values	generated-staged	vv.no-retry-rollout,vv.generated-integrity	Exact rules mapped; no separate scaffold-mechanism preservation duty.
values-icu-descriptors	values	production-observed-source	vv.prototype-policy,vv.icu-descriptor,vv.icu-profile,vv.icu-nesting-cap,vv.icu-exact-display,vv.icu-syntax-residual	Exact rules mapped; no separate scaffold-mechanism preservation duty.
values-icu-render	values	production-observed-source	vv.zone-data,vv.icu-profile,vv.icu-exact-display,vv.icu-safe-plural-subdomain	Exact rules mapped; no separate scaffold-mechanism preservation duty.
values-int	values	production-observed-source	vv.int-result,vv.raw-bigint-domain	Exact rules mapped; no separate scaffold-mechanism preservation duty.
values-kind-references	values	production-observed-source	vv.typed-equality,vv.reference-carriers,vv.action-invocation,vv.prototype-policy,vv.immutable-carriers	Exact rules mapped; no separate scaffold-mechanism preservation duty.
values-kind-scalars	values	production-observed-source	vv.money-policy,vv.money-guard-asymmetry,vv.temporal-civil,vv.instant-duration,vv.immutable-carriers	Exact rules mapped; no separate scaffold-mechanism preservation duty.
values-locale	values	production-observed-source	vv.zone-data,vv.locale-fallback	Exact rules mapped; no separate scaffold-mechanism preservation duty.
values-money	values	production-observed-source	vv.money-policy,vv.money-currency,vv.money-guard-asymmetry,vv.currency-source	Exact rules mapped; no separate scaffold-mechanism preservation duty.
values-native-plan-handles	values	test-only-observed-call	vv.plan-owner-lifetime,vv.retired-capacity-divergence	Exact rules mapped; no separate scaffold-mechanism preservation duty.
values-owned-input	values	test-only-observed-call	vv.owned-body	Exact rules mapped; no separate scaffold-mechanism preservation duty.
values-packaging	values	production-observed-source	vv.generated-integrity	Exact rules mapped; no separate scaffold-mechanism preservation duty.
values-prepared-codec	values	test-only-observed-call	vv.prepared-gate	Exact rules mapped; no separate scaffold-mechanism preservation duty.
values-prepared-plan	values	prototype-unadopted	vv.array-empty-identity,vv.prepared-gate,vv.plan-owner-lifetime,vv.default-identity	Exact rules mapped; no separate scaffold-mechanism preservation duty.
values-prepared-trace	values	test-only-observed-call	vv.legacy-traces	Exact rules mapped; no separate scaffold-mechanism preservation duty.
values-prepared-validation	values	test-only-observed-call	vv.schema-defaults,vv.prepared-gate	Exact rules mapped; no separate scaffold-mechanism preservation duty.
values-rust-abi	values	conditional-production	vv.native-profile-stages,vv.exact-transport,vv.synchronous-backend,vv.no-retry-rollout,vv.transport-f64-roundtrip	Exact rules mapped; no separate scaffold-mechanism preservation duty.
values-rust-aggregates	values	conditional-production	vv.aggregate-final,vv.aggregate-pass-order	Exact rules mapped; no separate scaffold-mechanism preservation duty.
values-rust-arena	values	prototype-unadopted	vv.structural-carrier,vv.structural-mint-budget,vv.structural-nan-exclusion	Exact rules mapped; no separate scaffold-mechanism preservation duty.
values-rust-codecs	values	conditional-production	vv.decimal-lexeme,vv.decimal-print,vv.wire-exact,vv.wire-input-normalization,vv.wire-time,vv.number-diagnostics,vv.string-diagnostics,vv.native-astral-truncation	Exact rules mapped; no separate scaffold-mechanism preservation duty.
values-rust-failures	values	conditional-production	vv.errors-typed,vv.errors-prose,vv.number-diagnostics	Exact rules mapped; no separate scaffold-mechanism preservation duty.
values-rust-numeric	values	conditional-production	vv.int-result,vv.raw-bigint-domain,vv.decimal-representation,vv.decimal-math,vv.round-operation,vv.money-policy,vv.money-currency	Exact rules mapped; no separate scaffold-mechanism preservation duty.
values-rust-plans	values	prototype-unadopted	vv.plan-owner-lifetime,vv.default-identity,vv.retired-capacity-divergence	Exact rules mapped; no separate scaffold-mechanism preservation duty.
values-rust-profile	values	prototype-unadopted	vv.plan-owner-lifetime,vv.structural-carrier,vv.structural-mint-budget,vv.native-profile-stages,vv.structural-nan-exclusion	Exact rules mapped; no separate scaffold-mechanism preservation duty.
values-rust-representations	values	conditional-production	vv.raw-bigint-domain,vv.decimal-representation,vv.money-guard-asymmetry,vv.immutable-carriers,vv.number-diagnostics,vv.decimal-structural-admission,vv.decimal-scale-negative-zero	Exact rules mapped; no separate scaffold-mechanism preservation duty.
values-rust-temporal	values	conditional-production	vv.temporal-civil,vv.date-range,vv.instant-duration,vv.datetime-constructor-domain	Exact rules mapped; no separate scaffold-mechanism preservation duty.
values-rust-transport	values	conditional-production	vv.exact-transport,vv.transport-f64-roundtrip	Exact rules mapped; no separate scaffold-mechanism preservation duty.
values-schema-facade	values	test-only-observed-call	vv.schema-normalization,vv.schema-defaults,vv.schema-operations,vv.legacy-traces	Exact rules mapped; no separate scaffold-mechanism preservation duty.
values-schema-normalization	values	test-only-observed-call	vv.prototype-policy,vv.schema-normalization,vv.schema-initializer-order,vv.schema-undefined-order,vv.descriptor-complete-defaults	Exact rules mapped; no separate scaffold-mechanism preservation duty.
values-schema-operation	values	test-only-observed-call	vv.schema-operations,vv.schema-undefined-order	Exact rules mapped; no separate scaffold-mechanism preservation duty.
values-schema-validation	values	test-only-observed-call	vv.array-omission,vv.text-scalar,vv.secret-refusal,vv.schema-defaults,vv.schema-initializer-order,vv.schema-undefined-order,vv.errors-prose,vv.default-identity,vv.descriptor-complete-defaults	Exact rules mapped; no separate scaffold-mechanism preservation duty.
values-semantic-build	values	conditional-production	vv.generated-integrity	Exact rules mapped; no separate scaffold-mechanism preservation duty.
values-semantic-staging	values	production-observed-source	vv.no-retry-rollout,vv.generated-integrity	Exact rules mapped; no separate scaffold-mechanism preservation duty.
values-stdlib-dispatch	values	conditional-production	vv.aggregate-final,vv.extrema,vv.extrema-identity,vv.plain-format,vv.dispatch	Exact rules mapped; no separate scaffold-mechanism preservation duty.
values-structural-host	values	test-only-observed-call	vv.structural-carrier,vv.structural-mint-budget,vv.native-profile-stages	Exact rules mapped; no separate scaffold-mechanism preservation duty.
values-temporal-civil	values	production-observed-source	vv.temporal-civil,vv.date-range	Exact rules mapped; no separate scaffold-mechanism preservation duty.
values-temporal-duration	values	production-observed-source	vv.instant-duration,vv.datetime-constructor-domain	Exact rules mapped; no separate scaffold-mechanism preservation duty.
values-text	values	production-observed-source	vv.text-scalar,vv.plain-format	Exact rules mapped; no separate scaffold-mechanism preservation duty.
values-timezone	values	production-observed-source	vv.local-conversion,vv.fold-unambiguous-order,vv.zone-data	Exact rules mapped; no separate scaffold-mechanism preservation duty.
values-types	values	production-observed-source	vv.types-grammar,vv.types-open-decisions	Exact rules mapped; no separate scaffold-mechanism preservation duty.
values-url-action-invocation	values	public-api-no-observed-in-repo-call	vv.trusted-url,vv.action-invocation,vv.prototype-policy,vv.secret-refusal	Exact rules mapped; no separate scaffold-mechanism preservation duty.
values-wire-decode	values	production-observed-source	vv.prototype-policy,vv.wire-exact,vv.wire-input-normalization,vv.wire-time,vv.wire-stringlike,vv.secret-refusal,vv.opaque-json-number-refusal,vv.opaque-json-bounds-gap,vv.nominal-heuristics,vv.wire-presence,vv.immutable-carriers,vv.errors-prose,vv.string-diagnostics	Exact rules mapped; no separate scaffold-mechanism preservation duty.
values-wire-encode	values	production-observed-source	vv.decimal-print,vv.prototype-policy,vv.wire-exact,vv.wire-input-normalization,vv.wire-time,vv.wire-stringlike,vv.secret-refusal,vv.opaque-json-number-refusal,vv.opaque-json-bounds-gap,vv.nominal-heuristics,vv.wire-presence,vv.immutable-carriers,vv.errors-prose,vv.string-diagnostics	Exact rules mapped; no separate scaffold-mechanism preservation duty.
values-wire-facade	values	production-observed-source	vv.wire-exact,vv.errors-typed,vv.legacy-traces	Exact rules mapped; no separate scaffold-mechanism preservation duty.
