path	line	line_sha256	review_ids	roles
docs/ideal-filetree-plan/finished-product/FP.IDENTITY-CONTRACT.contract.md	3	ea00a80dee8a9451f757d2fe82335d357ddddb4249903bbc4f7c415e54605010	SEC05,SEC07	authority
docs/ideal-filetree-plan/finished-product/FP.IDENTITY-CONTRACT.contract.md	17	cfd3b8524030c7fcdfe7e021bc4e1ad3ae0b855cee7cc242492842ac10513965	SEC05	authority
docs/ideal-filetree-plan/finished-product/FP.IDENTITY-CONTRACT.contract.md	42	444f56e6c60cb2f681ff10169e60d80e6259e838404e27f09c96890ef8ba08a0	SEC07	authority
docs/install.md	18	c9c7bb9060c2c7707e2a455f93130d80ed660dea82db076cf1c4fa27cffdde3b	SEC16	authority
docs/install.md	44	948686f99b2dbf37833dc7fb1248267be9dd443109c62c151ce49a5ded68efd5	SEC17	authority
docs/research/package-subsystem-ports-20261006/implementation-plans/artifact-preparation.md	5	6047ee054112d4845a0c7a871ffe7f362b517aa0429bcf91f83094d66ff41c5a	SEC19	authority
docs/research/package-subsystem-ports-20261006/implementation-plans/artifact-preparation.md	9	7a9844d86091e2270541878e0ef5783ecfb22eafc43a9feec5b1ec17c3afd516	SEC16	authority
docs/research/package-subsystem-ports-20261006/implementation-plans/artifact-preparation.md	13	af1f7ba31cbb86c93a5c42c02bc0231e7325124e86dcac58eac7b09f7f6bee62	SEC20	authority
docs/research/package-subsystem-ports-20261006/implementation-plans/artifact-preparation.md	21	c31c2a3f73253d9a1a0c99d3d625444a2a987f76c5fbba5b7a33e1ac2131a85a	SEC16	authority
docs/research/package-subsystem-ports-20261006/implementation-plans/artifact-preparation.md	23	9e5a1053917677d2cfbc1aeaaf9ce1908ca6742f83739d12e648200301eefdb6	SEC17	authority
docs/research/package-subsystem-ports-20261006/implementation-plans/artifact-preparation.md	76	d2410df92fd11ae87e62784a16a83739375e4fd17ca1c9323be24f3260daae7d	SEC17	authority
docs/research/package-subsystem-ports-20261006/implementation-plans/artifact-preparation.md	80	4875f5eff303141b87ac5348da649510688830fce602c24ee33ac24fede5c9fd	SEC20	authority
docs/research/package-subsystem-ports-20261006/implementation-plans/artifact-preparation.md	84	08f55b0eaa4e359c90394656289b158958079b890c7d5f26e8e72cacdc288266	SEC20	authority
docs/research/package-subsystem-ports-20261006/implementation-plans/artifact-preparation.md	90	8f1bdce28e461141e470916874152a37b6cab6e76dce3d2d2b5bb9c521229617	SEC18	authority
docs/research/package-subsystem-ports-20261006/implementation-plans/artifact-preparation.md	92	559e5c4be435e5882aa0c0fe6ddd02fb9a8709ead40935a8dc62847ef2792b56	SEC18	authority
docs/research/package-subsystem-ports-20261006/implementation-plans/artifact-preparation.md	93	4a5e6a1fa62592f0311bf3ffc1517397c1b4572f5f765acfe49127fb46866e41	SEC18	authority
docs/research/package-subsystem-ports-20261006/implementation-plans/artifact-preparation.md	97	f325a6b7f4e44856893f62587e04950e511e07c35d4618a55b320ee0170a32ea	SEC19	authority
docs/specification/DECISIONS.md	987	ffe125711fd458d58aa51d588c32f317e33638581401bd004fd1c404a86fed4f	SEC20	authority
docs/specification/DECISIONS.md	1013	fdad5e0a97b62a656ab79098f5702a5e62b2e65197f7a7e63c64c79ee7e52813	SEC07	authority
docs/specification/DESIGN.md	151	e132659509affb5428db00bb4a4d1410a1b8f785ae571337e8dd8ef4a1572546	SEC06	authority
docs/specification/DESIGN.md	289	ae225f6e73195a01875f9bcf7de4e59bffe89b1a16205f2685fa841d674f5e31	SEC01,SEC02	authority
docs/specification/DESIGN.md	291	684139320d7dcb4781c9e84178bc9f83962e0144b19fc9f24b2b92e5928555ab	F02,SEC07,SEC08	authority,finding_evidence
docs/specification/DESIGN.md	306	b6b6ed14fcdb50ea24245a92cd6c4d35a7644b7c67dc89794d68a928420f5472	SEC08	authority
docs/specification/DESIGN.md	520	0833df6354a76c8a9da9da3fa6d95479c3c8b8c924d014038c93e8a5903a78d6	SEC11	authority
docs/specification/DESIGN.md	526	f69d87d55e68f5dbcc2bf80cd1255d2fffa730d97bbc775b42082a702f16adfe	SEC11	authority
docs/specification/DESIGN.md	549	c5e57e94abf0dc1aaf081efdd12ca3921795c68d5edad3d806b5d0bfb65b0367	SEC08	authority
docs/specification/DESIGN.md	555	79b79b6fddcb81a1dd61ddebf4063e7704d07142700e21006706a0bf9b6a2f35	SEC12	authority
docs/specification/DESIGN.md	562	c0e46c1f8c5ff4712f99c844048de0a90d9e66765ec9b5bb8699ed258f492057	F07,SEC09,SEC10	authority,finding_evidence
docs/specification/DESIGN.md	564	6969a15ce9dd933efe5d46bc02ea42230a71d85eb07c93c5318416bda82d9825	F04,SEC10	authority,finding_evidence
docs/specification/DESIGN.md	566	e6cc36d7ae7e6a555e34e3ee06c7cc0df298b7cca358f8daf4ddb054fb37ba2c	SEC11	authority
docs/specification/DESIGN.md	601	ce2b70fcc084901645bd7da7f14b2f0408bca52df270ca067dc92335bf2e106f	SEC15	authority
docs/specification/DESIGN.md	609	514d6facb4e88c78a5a38e2aa04d277cd80461859698a14c2fae9b4fdd9a83d9	SEC15	authority
docs/specification/DESIGN.md	611	2e04715b838da2d0f19bb943a4fb4ca3df364f0630c6ff117f87ad714b3f5a26	SEC06	authority
docs/specification/DESIGN.md	615	7af4a496c7e381cad419ab1fc8716dec76b892c7e0fcef4179b28108e9628507	SEC15	authority
docs/specification/DESIGN.md	617	81f36468f8c76944bd039fd45947ab117f037686253fc2602e0c97ac6dbe7326	F05,SEC15	authority,finding_evidence
docs/specification/DESIGN.md	773	5ccd18565a73f877daa60001128ca5ee96975105f4c67a3f9e34844bacb49aaf	SEC14	authority
docs/specification/DESIGN.md	779	42d8dad329fef61566427b93a7377b1f0c040b52c8b29e8fe960ba5a8a6f3b2f	F03,SEC14	authority,finding_evidence
docs/specification/DESIGN.md	781	023bfa877fe956f2a0cd9058b265f25af5e48277e7ed3708de37acd5ca2e74c5	F03,SEC14	authority,finding_evidence
docs/specification/DESIGN.md	787	6511b095ef192dfb58bad8757acc1740ef314eb76a87acecadf3ad0907d0a231	SEC04	authority
docs/specification/DESIGN.md	905	9f91db8bf44761733032a19ec47d35849ec25b4f27b86d129debf258b95c72fb	SEC05,SEC06	authority
docs/specification/DESIGN.md	931	1994d134b0f6775f726af000b6211a7570823c94959b81db14772c058e29b2cd	SEC17	authority
docs/specification/DESIGN.md	935	95b7768a4340ac1db9b115a7741d819b77f25ad8cd072aec3197dcd5d7cb533b	SEC17	authority
docs/specification/DESIGN.md	998	738cd8ca517b682d6b3f8439512a9ca892d06c3bbe2e1785cda2f356d0655818	SEC09	authority
docs/specification/REQUIREMENTS.md	57	7c9e80619d86132881fe9cd4e341b6bdc301f701cfd42ea454ae8aef82fd7e36	SEC15	authority
docs/specification/REQUIREMENTS.md	130	5eaba9540f31dec7d41491ab32cc6c73b297269ec7cb7f64c4a103dbe23926ef	SEC13	authority
docs/specification/REQUIREMENTS.md	183	7eaed6a5a0830d50ff73e1ef7b2d300f033ee26b366f608ff1b9f121f5731932	SEC07	authority
docs/specification/REQUIREMENTS.md	185	c409c9944b81f2ea9b87818451702e05a019c5f4461e10de58005649e8b7c878	SEC12	authority
docs/specification/REQUIREMENTS.md	189	bb7888e218847eb57585a5c01cd0ca0f95c6949bb7d9759f37355754660126c6	SEC10	authority
implementation/challenge-audit-run/evidence/jev-t32a-20261005/README.md	81	721e1829c07ba0bff3ab0b20242234b618eb1909a55b7818bc0b9d08c7e9626a	F02,SEC08	authority,finding_evidence
implementation/challenge-audit-run/t33-resolution.md	17	b0acf388ea5d4a46f415cf4bbefa4d5de96d2e96efcbf79f292c327926a9cae1	SEC12	authority
implementation/challenge-audit-run/t33-resolution.md	19	1d822c20f0efae102d6f303e67891dc155cb5860989f1f0f97add007d9104692	SEC12	authority
implementation/challenge-audit-run/t33-resolution.md	27	c213e96ed4add218b8f5557cbf440e036a81e0ab19e5e98980747e9ee540b75e	SEC12	authority
implementation/rust-port-orchestration/runs/codex-step10-20261007T015711Z/contracts/csv-contract.md	5	8e0d94499a977ab6d6bb455806ca70ae5d87294fd669cf045b8799b524610931	SEC13	authority
implementation/rust-port-orchestration/runs/codex-step10-20261007T015711Z/contracts/csv-contract.md	7	863eb2f6889dde39435765fe6bc531b088e77881654f380ae82f12a01f549ba4	SEC13	authority
implementation/rust-port-orchestration/runs/codex-step10-20261007T015711Z/contracts/csv-contract.md	11	d888e43ab5201f6e16cbf3598acd0ef977f474b7ba3d042c5b7b9f0cc870ba7e	SEC13,SEC14	authority
implementation/rust-port-orchestration/runs/codex-step10-20261007T015711Z/contracts/identity-cookie-contract.md	13	2a35845573ca99067b06fd5b5a5873da1ef37e984cc7da9a47f6bf5dddae6443	SEC03	authority
implementation/rust-port-orchestration/runs/codex-step10-20261007T015711Z/contracts/identity-cookie-contract.md	21	00a891c884fbf7fc8dd00d7897d96df9dfb6b4cf00cb23a62d205159d4cfd544	SEC03	authority
implementation/rust-port-orchestration/runs/codex-step10-20261007T015711Z/contracts/identity-cookie-contract.md	23	e8759511f57eb7bc34402d9c7ea4aaefa92e5402719bee3dda603e7c88ce6c4a	SEC03	authority
implementation/rust-port-orchestration/runs/codex-step10-20261007T015711Z/contracts/identity-cookie-contract.md	27	80530c66e55fef2508e2f538af0b06f5c636e297319a8553a812b978b5e59989	SEC03	authority
implementation/rust-port-orchestration/runs/codex-step10-20261007T015711Z/contracts/identity-encoding-contract.md	13	1e97735f6e93255339fc70a434fa5656bde86070cf02179c28edd489b37199fd	SEC01	authority
implementation/rust-port-orchestration/runs/codex-step10-20261007T015711Z/contracts/identity-encoding-contract.md	15	b1879250ce27938221e928fe6a254b91de57b8fd9a1c859eda63d6a281677b77	SEC02	authority
implementation/rust-port-orchestration/runs/codex-step10-20261007T015711Z/contracts/identity-encoding-contract.md	17	fda8df3fd6903e09bfee668d9aa422040f2e5873df535e9046ede3a9e90ca40c	SEC02	authority
implementation/rust-port-orchestration/runs/codex-step10-20261007T015711Z/contracts/identity-encoding-contract.md	21	34d4cf61460b6d71018382bcf27d2d57e6193ed481db7bb4d5ffc10e3097ebd8	SEC01	authority
implementation/rust-port-orchestration/runs/codex-step10-20261007T015711Z/contracts/identity-encoding-contract.md	25	b5eb39d8547049acb7c9f4746ef2d5a01127a2889d1db2be61afbc2a5741efdd	SEC02	authority
implementation/rust-port-orchestration/runs/codex-step10-20261007T015711Z/contracts/identity-host-contract.md	3	f393f8844134d64cabe2524fd05c21dbb36dcdf462dabf4747cf290bf4322b63	SEC20	authority
implementation/rust-port-orchestration/runs/codex-step10-20261007T015711Z/contracts/identity-host-contract.md	7	d5d24ea92f58abb4e86a45cde3bb1aa8c2983566b7eda823a17dab9709fa7496	SEC04	authority
implementation/rust-port-orchestration/runs/codex-step10-20261007T015711Z/contracts/identity-host-contract.md	9	7a239bc5602de65886e1f115d49d578619685ecb23d40f40d2084fe6f76d3628	SEC04	authority
implementation/rust-port-orchestration/runs/codex-step10-20261007T015711Z/contracts/identity-host-contract.md	11	6b9e47fafe8f04a54a9286839b232a0dcd84eba68d663156b80a74d0cfaaee04	SEC04	authority
packages/cloudflare/src/cli/platform.ts	51	4f11ecaca8a7d9b27f5380bb412f4e0457ab543e0f7fe33c60dac0c7329e1fde	SEC18	observed_source_evidence
packages/cloudflare/src/deploy/activate.ts	223	81366e83e39263c15ca19d22ece80b80c6519bd98c7ba77336eb20c790dd25f0	SEC17	observed_source_evidence
packages/cloudflare/src/deploy/bundle.ts	920	aa4b70818705c4c240eb02b63432afc623d9d721a37ae47f1c07a823054c755f	SEC17	observed_source_evidence
packages/cloudflare/src/deploy/bundle.ts	1139	53e64f5f8a7217ba0b830c41a905240e8772516015dc024e1a5e045df40842b8	SEC17	observed_source_evidence
packages/cloudflare/src/deploy/bundle.ts	1206	7db059ed290fc9442fce28b3780d3f7ea6fc085651fa2b534abd4dfab82b0f31	SEC17	observed_source_evidence
packages/cloudflare/src/preparation/executable.ts	85	a86727ab441920837cbb10a982b22839bf98eebb355445053c8b8dd5aaaff702	SEC20	observed_source_evidence
packages/cloudflare/src/preparation/host.ts	332	cd7f9a78000638a15fcf675b4a6e575b68da926d60279bd18d0c2495315cce86	SEC18	observed_source_evidence
packages/cloudflare/src/preparation/host.ts	400	57660fa7c03c731c619bdbcc06c61b2771fc52ee4d7d3fd57f65551bc4c1af10	SEC18	observed_source_evidence
packages/cloudflare/src/preparation/host.ts	429	3b75bff9844b71a8840e3dca82a53461f0216d71cb2f5886a64e592c55de758c	SEC19	observed_source_evidence
packages/cloudflare/src/preparation/host.ts	440	4aaad174d13912562237dfce4728d4ea8d2320939076b96b61986e573646227f	SEC18	observed_source_evidence
packages/cloudflare/src/preparation/host.ts	448	861232d5b07c6ed5f886b33f04f0d7973c4122e47e0964abb9f1b19649ce6614	F09	finding_evidence
packages/cloudflare/src/preparation/host.ts	510	d0252ff815f3e945c5ca14a44858e3ea0022f8546a32c200511d88f54b3ab949	F08,SEC20	finding_evidence,observed_source_evidence
packages/cloudflare/src/preparation/host.ts	542	844c6eddedf2a80d7ebfa37efc64c7b7fadc4253e4f1913356c8bae54ce4cf9a	SEC20	observed_source_evidence
packages/cloudflare/src/preparation/publication.ts	99	1ee4847db07303002afc933716a85416d2395671c1f2769f64e4dd000b7306b7	SEC19	observed_source_evidence
packages/cloudflare/src/preparation/publication.ts	151	199c81c3246d868cd06babd3ebd5b0e7a1c6e26a28952a07801efdbf555dcad4	SEC19	observed_source_evidence
packages/cloudflare/src/preparation/publication.ts	255	04d9093e5ae83adbaf7c94bdbe82dc8ee9a462c98cb0e4cf52abcc5f146ed5bc	F06,SEC19	finding_evidence,observed_source_evidence
packages/cloudflare/src/preparation/publication.ts	281	417fe397c22e60eee74b7bbdb4dddf52fb78ed088fbdf0b22964eb9d0e176d6e	F06,SEC19	finding_evidence,observed_source_evidence
packages/cloudflare/src/runtime/artifact.ts	49	f2a42e24efec16258228c310e8fec8a423d790b7c159f813718d4f9089d2c54e	F08,SEC16	finding_evidence,observed_source_evidence
packages/files/src/finalize/index.ts	133	4dc3d9cb653f261158bcb0d681056788f49ca0930dc7512e7d89743f31e1a660	SEC15	observed_source_evidence
packages/files/src/finalize/index.ts	219	bf9d0cd54f05e8945a67dfc623e07ade8a09a0e127574d145c50fb4c4d2340c4	F05,SEC15	finding_evidence,observed_source_evidence
packages/files/src/finalize/index.ts	246	be80ae028a263387ef403afeb8c895be8bb643ce9ca9d93eb7c4f125b118a165	F05	finding_evidence
packages/files/src/provenance/index.ts	57	26168330b6c3c6deb3af8a24ee3fbbc79181854626caa524f0f202326c461d1c	SEC15	observed_source_evidence
packages/files/src/provenance/index.ts	142	9de9ad92fb416857a0123c707547da19bab95b4507c5332c1e1644f13b4d4f02	SEC15	observed_source_evidence
packages/identity/src/accounts/passwords.ts	56	d975f046c928498263cf0e483ac893eb37759811f948ac0911a644b800e84399	SEC02	observed_source_evidence
packages/identity/src/accounts/passwords.ts	91	0d9acf3ae85574508dafaf4490d22daf47d672db107a59f0f5377830b048b33e	SEC02	observed_source_evidence
packages/identity/src/accounts/recovery.ts	72	917e6eff408efd6f229bf96769fcb16e2a5b7d2b58d0d44a4ff60909d818918f	SEC07	observed_source_evidence
packages/identity/src/accounts/recovery.ts	82	e9a229d71b02d67f50f733414263d2648025abf900753678ed0cec0707168e57	F01	finding_evidence
packages/identity/src/authentication/audience.ts	9	c11e766393bd61f16536f1e678e6f58cd3ef6e5927bbe8631c95868b0a695210	SEC06	observed_source_evidence
packages/identity/src/authentication/context.ts	87	a1c797d8689891a4d5c919ea542e78ef4098937dbafc9599e453764dfc0d427c	SEC01	observed_source_evidence
packages/identity/src/authentication/context.ts	127	3915cd2df0134f0e0969f440029063c45cf86154fa9d8d5ffe25ff21df784eb1	SEC06	observed_source_evidence
packages/identity/src/authentication/oauth.ts	39	13a95195eee8fd9142e841a3461e8594a0015f35ee18dfe433f6cb123746aaab	SEC05	observed_source_evidence
packages/identity/src/authentication/oauth.ts	139	4eddb9b7bc9b93798c5f10a06d1e6b0a8c21755caa27f8a5e7f3ddcb1b15093e	SEC05	observed_source_evidence
packages/identity/src/authentication/oauth.ts	207	f0e087c27be9ce5331725c83eed753987546c57dca55f1f00a7b9a0f5fb482b1	SEC05	observed_source_evidence
packages/identity/src/authentication/oauth.ts	229	95290c896267041596994bc6a149dbcaff4ed5e3d254ca10f5faf786dbd3ece7	F01,SEC05	finding_evidence,observed_source_evidence
packages/identity/src/authentication/revocation.ts	70	2c07fd98cb87d62031e366cf7b30d2ceace91f1771f1e9d788ee7f5d58fe11b4	F02,SEC08	finding_evidence,observed_source_evidence
packages/identity/src/authentication/revocation.ts	104	5c871709ed2774a749222fb06d589532e8385026abc3627fd8a8f3d369182a6b	SEC08	observed_source_evidence
packages/identity/src/sessions/comparison-worker.ts	7	5c6ed39edd00b61f3f1d8e13116d80875d3fefa5916fdbc5f02f7b32953c4034	SEC04	observed_source_evidence
packages/identity/src/sessions/comparison.ts	4	327acf3fef1d32522c21a30d3772e5bf705d616d416fbc02852f238e6483cc06	SEC04	observed_source_evidence
packages/identity/src/sessions/cookies.ts	46	5502ce23b26a9c0168622c3062a29bef403b8b4158e8caab2ac21bbe5e2c0222	SEC03	observed_source_evidence
packages/identity/src/sessions/cookies.ts	67	f1772b0d7ffa13d200300e2f6c3d9af3dbd5d3947b36662f0274153e5d159fb1	SEC03	observed_source_evidence
packages/identity/src/sessions/csrf.ts	18	a454f0665a0338fb1cd21bfcdcd0de351cc8d717a8d098e4b20def7309f8214d	SEC04	observed_source_evidence
packages/identity/src/sessions/tokens.ts	30	956b2ab101d10378c8ae4ddf88eeddbee48bd705ba7f3bd5e7d54674a2198d74	SEC02	observed_source_evidence
packages/identity/src/sessions/tokens.ts	56	4b747e181ba3c7579788460ff478a5ad7ccdda7e7ad37d98ce9344a168e7d493	SEC01	observed_source_evidence
packages/identity/src/storage/d1.ts	17	2c1e29c307ef08a532a67ebcdcee4f41929c712ccede8eecc6675aec6380c0ce	F01,SEC07,SEC08	finding_evidence,observed_source_evidence
packages/identity/src/storage/d1.ts	107	920325ce9ad0e9c1f0b96628a8075169c06ef7ee7fb362fa90eb26aab3c49692	SEC01	observed_source_evidence
packages/identity/src/storage/d1.ts	890	5e67ba953c140bad4ebbc7ea24252dbf65e8a103f97bd22653488b2c2cd06387	F01,SEC05	finding_evidence,observed_source_evidence
packages/identity/src/teams/membership.ts	30	0d51f24392857172f6f28898bc5e6b7b42e6005e4fc1294832837592f34ecdb7	F01,SEC07	finding_evidence,observed_source_evidence
packages/interfaces/src/http/csv.ts	95	67ad2860f8f0e936bb268f4dbebc6fc9a4a2d83d4bccbe52a57dd548d4910cdd	F03,SEC14	finding_evidence,observed_source_evidence
packages/interfaces/src/http/csv.ts	155	ace3e1ec12734881e6e41e8b74a6bab6187b3a1d7c7a66f69512067f6d0dcc00	SEC13	observed_source_evidence
packages/interfaces/src/http/csv.ts	166	eb45f30bf24c89cc8f8906fab15be853c80c24238c38e9ef99a2fb7a0adf33ba	SEC14	observed_source_evidence
packages/interfaces/src/http/csv.ts	254	a6189cd3e40f34228b413303aebc393d06b65c32cee400df2f5bacc70e0825c6	SEC13	observed_source_evidence
packages/interfaces/src/http/csv.ts	413	802ae1a399f11419e1b8067838075e9c418e1e3e4b21541e6d71a9fab01f3f1d	SEC04	observed_source_evidence
packages/interfaces/src/http/csv.ts	454	3a5eab037fa6181bbc39a4b0a585cf4e851e85ecbede97bf0bd2c8e420dc7746	F03,SEC14	finding_evidence,observed_source_evidence
packages/interfaces/src/http/csv.ts	512	4e270e65091ac03b90b858837fa680cb75ef29c6753822a8763c8d83afe609c7	SEC14	observed_source_evidence
packages/interfaces/src/http/csv.ts	538	5e4efffd12342d8edb8e5ba458e0591c7ba341bc8531f1ab6f6e36cff0d139e6	F04,SEC10	finding_evidence,observed_source_evidence
packages/state/src/effects/staging.ts	77	b3adeaf32c222974824686cfc41b8a8f348391961095c5a38c63d6d9d40f716d	F10	finding_evidence
packages/state/src/effects/staging.ts	110	c20874510fc25381d1e98ef96191a35eafc419fffc67c8265bff6e6a75a19904	F10	finding_evidence
packages/state/src/effects/staging.ts	173	cb4d55f7d1b481ed227e8cee47335057fb3bd445eab1d2610b4beedbdbb48fed	F10	finding_evidence
packages/state/src/fanout/membership.ts	296	16c582d59390b0838dafc7f42b096fec5b42f496df78c733faf33b2c5016a76c	SEC12	observed_source_evidence
packages/state/src/internal/json.ts	29	d85645328cf19530f991918e79f7d5c9e073997a6b33a867a75439cb2d6bc67f	F10	finding_evidence
packages/state/src/invocation/admission.ts	321	055dbcdab0fda0d4f5bdf53230e13d96a9bdf8bd77ff19b474aa7a5e1ccfc2e8	F07,SEC09	finding_evidence,observed_source_evidence
packages/state/src/invocation/admission.ts	323	f805f0cb193eb8572dfe5a2c25f34d3d53443741dc90de9d6b5f904b7fb633cd	F04,SEC10	finding_evidence,observed_source_evidence
packages/state/src/invocation/admission.ts	366	e3910e9cec46fbba00e6c23dd68adce9a77fea894d1933f55c7dcbd3d2e77cc0	F07	finding_evidence
packages/state/src/invocation/admission.ts	639	8db87eee8a4181f84c4a7e80d1b27d39a69a02ecf38c7deeeedbcbefc49cc248	SEC08	observed_source_evidence
packages/state/src/invocation/replay.ts	20	e62b6d071054afdec28035ca12e4a6ccc5f7aeedca78a8f728c592a3d2b32e48	SEC09	observed_source_evidence
packages/state/src/invocation/replay.ts	39	dcf542119cd0957df8805cf99972fb3dcb9cf0b3fa6a58a666b969665cf47ac3	F07	finding_evidence
packages/state/src/invocation/replay.ts	65	7ec8c7cea4b18a7a4a104dc928774c7b37abfc53b35908c798646f2456dd8b46	SEC09	observed_source_evidence
packages/state/src/storage/d1.ts	693	8524d79c03d45d0453aeb403d5f30d87fd6f70fde19e6cb2c1ea7a019201d6d2	SEC12	observed_source_evidence
packages/state/src/storage/d1.ts	806	eab74e39d0af2c7fd901be0ff543a935bb634cffd15160294a0b1b57bf3e9651	SEC10	observed_source_evidence
packages/state/src/storage/d1.ts	865	1ca0dc9a6a52fdae54ab9ada6ffd86a181b1266ced39b837cc4e81b0f8dbb8a7	F10	finding_evidence
packages/ui/src/csv/preview.ts	9	e808114358518ba60f0997709407d2c0abc0295cb1917f70ec514b952cf5eb51	F03,SEC14	finding_evidence,observed_source_evidence
packages/work-kernel/src/rows.ts	669	eb2ba47d2b48c6817db567511d1b17b1ff09d89ecc0f34f0284e028f24054867	SEC12	observed_source_evidence
packages/work/src/event/index.ts	55	562786f5bf5a0e962482277bd2c9605c809391ad721ec48243d00c1a69d3ce32	SEC11	observed_source_evidence
packages/work/src/intent/index.ts	25	1fb22ffd51a583c7779d318a4917ea0275a662ec7ad296440b0dbb531c0ce831	SEC11	observed_source_evidence
packages/work/src/schedule/every.ts	97	e2b92cbae5dc50c71fe4d74f100c2efdb5629ae30b62f10e5595f4b7722f8b1c	SEC11	observed_source_evidence
tests/e2e/fixtures/artifact-loader.ts	455	c41a3b72e3eb726e5ec8804f32965f98b1c0341cfc04a7f82daf7c1d5500c3b7	F08,SEC16	finding_evidence,observed_source_evidence
