finding_id	integration_ids
LIB-01	numeric-text
LIB-02	numeric-text
LIB-03	string-quoting
LIB-04	delivery-imports
LIB-05	delivery-maps
LIB-06	csv-parse,csv-export-stringify
LIB-07	identity-codecs
LIB-08	identity-native-comparison
LIB-09	session-cookie
LIB-10	abort-fan-in
LIB-11	delivery-loadability
LIB-12	uri-identity-encoding
LIB-13	calendar-zone
LIB-14	decimal-rounding
LIB-15	icu-parser
LIB-16	intl-exact-display
LIB-17	stable-json-identities
LIB-18	delivery-toml,delivery-cli
LIB-19	file-signature-catalog
LIB-20	ollama-protocol
LIB-21	semantic-owner-core
LIB-22	lossless-transport
LIB-23	state-work-retention
LIB-24	delivery-protocol-build,delivery-crypto-files
LIB-25	delivery-small
