production,grammar_line,family,extension_repository_rules,focused_probe_ids,coverage_and_limits
NAME,16,Lexical tokens / paths,"string, punctuation, expression/type-content name rules",numeric-string-boundaries; identifier-after-keyword,Common literals/escapes covered; contextual paths require slot-aware treatment; malformed syntax is not diagnosed.
INTEGER,17,Lexical tokens / paths,"string, punctuation, expression/type-content name rules",numeric-string-boundaries; identifier-after-keyword,Common literals/escapes covered; contextual paths require slot-aware treatment; malformed syntax is not diagnosed.
DECIMAL,18,Lexical tokens / paths,"string, punctuation, expression/type-content name rules",numeric-string-boundaries; identifier-after-keyword,Common literals/escapes covered; contextual paths require slot-aware treatment; malformed syntax is not diagnosed.
DURATION,19,Lexical tokens / paths,"string, punctuation, expression/type-content name rules",numeric-string-boundaries; identifier-after-keyword,Common literals/escapes covered; contextual paths require slot-aware treatment; malformed syntax is not diagnosed.
BYTES,20,Lexical tokens / paths,"string, punctuation, expression/type-content name rules",numeric-string-boundaries; identifier-after-keyword,Common literals/escapes covered; contextual paths require slot-aware treatment; malformed syntax is not diagnosed.
STRING,21,Lexical tokens / paths,"string, punctuation, expression/type-content name rules",numeric-string-boundaries; identifier-after-keyword,Common literals/escapes covered; contextual paths require slot-aware treatment; malformed syntax is not diagnosed.
path,22,Lexical tokens / paths,"string, punctuation, expression/type-content name rules",numeric-string-boundaries; identifier-after-keyword,Common literals/escapes covered; contextual paths require slot-aware treatment; malformed syntax is not diagnosed.
file_source,130,Files / composition / sections / imports,statements declaration/import/section rules; generic expression,sections-and-identifiers; context-settings; full-contextual-model-names,Ordered owner/section grammar not tracked; context model collision; unresolved import/member roles intentionally cannot be inferred.
app_composed,131,Files / composition / sections / imports,statements declaration/import/section rules; generic expression,sections-and-identifiers; context-settings; full-contextual-model-names,Ordered owner/section grammar not tracked; context model collision; unresolved import/member roles intentionally cannot be inferred.
app_implicit,133,Files / composition / sections / imports,statements declaration/import/section rules; generic expression,sections-and-identifiers; context-settings; full-contextual-model-names,Ordered owner/section grammar not tracked; context model collision; unresolved import/member roles intentionally cannot be inferred.
context,134,Files / composition / sections / imports,statements declaration/import/section rules; generic expression,sections-and-identifiers; context-settings; full-contextual-model-names,Ordered owner/section grammar not tracked; context model collision; unresolved import/member roles intentionally cannot be inferred.
context_items,135,Files / composition / sections / imports,statements declaration/import/section rules; generic expression,sections-and-identifiers; context-settings; full-contextual-model-names,Ordered owner/section grammar not tracked; context model collision; unresolved import/member roles intentionally cannot be inferred.
context_declaration,136,Files / composition / sections / imports,statements declaration/import/section rules; generic expression,sections-and-identifiers; context-settings; full-contextual-model-names,Ordered owner/section grammar not tracked; context model collision; unresolved import/member roles intentionally cannot be inferred.
package,140,Files / composition / sections / imports,statements declaration/import/section rules; generic expression,sections-and-identifiers; context-settings; full-contextual-model-names,Ordered owner/section grammar not tracked; context model collision; unresolved import/member roles intentionally cannot be inferred.
app_attributes,141,Files / composition / sections / imports,statements declaration/import/section rules; generic expression,sections-and-identifiers; context-settings; full-contextual-model-names,Ordered owner/section grammar not tracked; context model collision; unresolved import/member roles intentionally cannot be inferred.
package_body,142,Files / composition / sections / imports,statements declaration/import/section rules; generic expression,sections-and-identifiers; context-settings; full-contextual-model-names,Ordered owner/section grammar not tracked; context model collision; unresolved import/member roles intentionally cannot be inferred.
sections,143,Files / composition / sections / imports,statements declaration/import/section rules; generic expression,sections-and-identifiers; context-settings; full-contextual-model-names,Ordered owner/section grammar not tracked; context model collision; unresolved import/member roles intentionally cannot be inferred.
section_given,144,Files / composition / sections / imports,statements declaration/import/section rules; generic expression,sections-and-identifiers; context-settings; full-contextual-model-names,Ordered owner/section grammar not tracked; context model collision; unresolved import/member roles intentionally cannot be inferred.
section_when,145,Files / composition / sections / imports,statements declaration/import/section rules; generic expression,sections-and-identifiers; context-settings; full-contextual-model-names,Ordered owner/section grammar not tracked; context model collision; unresolved import/member roles intentionally cannot be inferred.
section_then,146,Files / composition / sections / imports,statements declaration/import/section rules; generic expression,sections-and-identifiers; context-settings; full-contextual-model-names,Ordered owner/section grammar not tracked; context model collision; unresolved import/member roles intentionally cannot be inferred.
then_items,147,Files / composition / sections / imports,statements declaration/import/section rules; generic expression,sections-and-identifiers; context-settings; full-contextual-model-names,Ordered owner/section grammar not tracked; context model collision; unresolved import/member roles intentionally cannot be inferred.
import,148,Files / composition / sections / imports,statements declaration/import/section rules; generic expression,sections-and-identifiers; context-settings; full-contextual-model-names,Ordered owner/section grammar not tracked; context model collision; unresolved import/member roles intentionally cannot be inferred.
import_members,149,Files / composition / sections / imports,statements declaration/import/section rules; generic expression,sections-and-identifiers; context-settings; full-contextual-model-names,Ordered owner/section grammar not tracked; context model collision; unresolved import/member roles intentionally cannot be inferred.
import_member,150,Files / composition / sections / imports,statements declaration/import/section rules; generic expression,sections-and-identifiers; context-settings; full-contextual-model-names,Ordered owner/section grammar not tracked; context model collision; unresolved import/member roles intentionally cannot be inferred.
deployment,151,Files / composition / sections / imports,statements declaration/import/section rules; generic expression,sections-and-identifiers; context-settings; full-contextual-model-names,Ordered owner/section grammar not tracked; context model collision; unresolved import/member roles intentionally cannot be inferred.
type,163,Types / schemas / signatures,"type, type-content, result-type, field, parameter, signature-parens",multiline-union-and-types; type-contextual-names; multiline-type-reserved-arms; whitespace-stable-types-and-calls,Explicit roles substantially covered; contextual union arms and multiline modifier-shaped type names fail; whitespace-separated array suffix lacks modifier scope.
type_base,164,Types / schemas / signatures,"type, type-content, result-type, field, parameter, signature-parens",multiline-union-and-types; type-contextual-names; multiline-type-reserved-arms; whitespace-stable-types-and-calls,Explicit roles substantially covered; contextual union arms and multiline modifier-shaped type names fail; whitespace-separated array suffix lacks modifier scope.
enum_type,165,Types / schemas / signatures,"type, type-content, result-type, field, parameter, signature-parens",multiline-union-and-types; type-contextual-names; multiline-type-reserved-arms; whitespace-stable-types-and-calls,Explicit roles substantially covered; contextual union arms and multiline modifier-shaped type names fail; whitespace-separated array suffix lacks modifier scope.
action_type,166,Types / schemas / signatures,"type, type-content, result-type, field, parameter, signature-parens",multiline-union-and-types; type-contextual-names; multiline-type-reserved-arms; whitespace-stable-types-and-calls,Explicit roles substantially covered; contextual union arms and multiline modifier-shaped type names fail; whitespace-separated array suffix lacks modifier scope.
field_type,167,Types / schemas / signatures,"type, type-content, result-type, field, parameter, signature-parens",multiline-union-and-types; type-contextual-names; multiline-type-reserved-arms; whitespace-stable-types-and-calls,Explicit roles substantially covered; contextual union arms and multiline modifier-shaped type names fail; whitespace-separated array suffix lacks modifier scope.
schema,168,Types / schemas / signatures,"type, type-content, result-type, field, parameter, signature-parens",multiline-union-and-types; type-contextual-names; multiline-type-reserved-arms; whitespace-stable-types-and-calls,Explicit roles substantially covered; contextual union arms and multiline modifier-shaped type names fail; whitespace-separated array suffix lacks modifier scope.
field,169,Types / schemas / signatures,"type, type-content, result-type, field, parameter, signature-parens",multiline-union-and-types; type-contextual-names; multiline-type-reserved-arms; whitespace-stable-types-and-calls,Explicit roles substantially covered; contextual union arms and multiline modifier-shaped type names fail; whitespace-separated array suffix lacks modifier scope.
initializer,170,Types / schemas / signatures,"type, type-content, result-type, field, parameter, signature-parens",multiline-union-and-types; type-contextual-names; multiline-type-reserved-arms; whitespace-stable-types-and-calls,Explicit roles substantially covered; contextual union arms and multiline modifier-shaped type names fail; whitespace-separated array suffix lacks modifier scope.
field_modifier,171,Types / schemas / signatures,"type, type-content, result-type, field, parameter, signature-parens",multiline-union-and-types; type-contextual-names; multiline-type-reserved-arms; whitespace-stable-types-and-calls,Explicit roles substantially covered; contextual union arms and multiline modifier-shaped type names fail; whitespace-separated array suffix lacks modifier scope.
parameters,172,Types / schemas / signatures,"type, type-content, result-type, field, parameter, signature-parens",multiline-union-and-types; type-contextual-names; multiline-type-reserved-arms; whitespace-stable-types-and-calls,Explicit roles substantially covered; contextual union arms and multiline modifier-shaped type names fail; whitespace-separated array suffix lacks modifier scope.
parameter,173,Types / schemas / signatures,"type, type-content, result-type, field, parameter, signature-parens",multiline-union-and-types; type-contextual-names; multiline-type-reserved-arms; whitespace-stable-types-and-calls,Explicit roles substantially covered; contextual union arms and multiline modifier-shaped type names fail; whitespace-separated array suffix lacks modifier scope.
expr,191,Expressions / values / calls,"expression, code, parens, array, object, punctuation",typed-values; expression-contextual-operators; multiline-values-shorthand; whitespace-stable-types-and-calls,No complete operand/query state; typed constructor role improved in 0.1.2; multiline shorthand and cross-line call roles differ; precedence/typing are outside highlighter.
ordinary,192,Expressions / values / calls,"expression, code, parens, array, object, punctuation",typed-values; expression-contextual-operators; multiline-values-shorthand; whitespace-stable-types-and-calls,No complete operand/query state; typed constructor role improved in 0.1.2; multiline shorthand and cross-line call roles differ; precedence/typing are outside highlighter.
fallback,193,Expressions / values / calls,"expression, code, parens, array, object, punctuation",typed-values; expression-contextual-operators; multiline-values-shorthand; whitespace-stable-types-and-calls,No complete operand/query state; typed constructor role improved in 0.1.2; multiline shorthand and cross-line call roles differ; precedence/typing are outside highlighter.
disjunction,194,Expressions / values / calls,"expression, code, parens, array, object, punctuation",typed-values; expression-contextual-operators; multiline-values-shorthand; whitespace-stable-types-and-calls,No complete operand/query state; typed constructor role improved in 0.1.2; multiline shorthand and cross-line call roles differ; precedence/typing are outside highlighter.
conjunction,195,Expressions / values / calls,"expression, code, parens, array, object, punctuation",typed-values; expression-contextual-operators; multiline-values-shorthand; whitespace-stable-types-and-calls,No complete operand/query state; typed constructor role improved in 0.1.2; multiline shorthand and cross-line call roles differ; precedence/typing are outside highlighter.
negation,196,Expressions / values / calls,"expression, code, parens, array, object, punctuation",typed-values; expression-contextual-operators; multiline-values-shorthand; whitespace-stable-types-and-calls,No complete operand/query state; typed constructor role improved in 0.1.2; multiline shorthand and cross-line call roles differ; precedence/typing are outside highlighter.
comparison,197,Expressions / values / calls,"expression, code, parens, array, object, punctuation",typed-values; expression-contextual-operators; multiline-values-shorthand; whitespace-stable-types-and-calls,No complete operand/query state; typed constructor role improved in 0.1.2; multiline shorthand and cross-line call roles differ; precedence/typing are outside highlighter.
comparison_op,198,Expressions / values / calls,"expression, code, parens, array, object, punctuation",typed-values; expression-contextual-operators; multiline-values-shorthand; whitespace-stable-types-and-calls,No complete operand/query state; typed constructor role improved in 0.1.2; multiline shorthand and cross-line call roles differ; precedence/typing are outside highlighter.
additive,199,Expressions / values / calls,"expression, code, parens, array, object, punctuation",typed-values; expression-contextual-operators; multiline-values-shorthand; whitespace-stable-types-and-calls,No complete operand/query state; typed constructor role improved in 0.1.2; multiline shorthand and cross-line call roles differ; precedence/typing are outside highlighter.
multiplicative,200,Expressions / values / calls,"expression, code, parens, array, object, punctuation",typed-values; expression-contextual-operators; multiline-values-shorthand; whitespace-stable-types-and-calls,No complete operand/query state; typed constructor role improved in 0.1.2; multiline shorthand and cross-line call roles differ; precedence/typing are outside highlighter.
unary,201,Expressions / values / calls,"expression, code, parens, array, object, punctuation",typed-values; expression-contextual-operators; multiline-values-shorthand; whitespace-stable-types-and-calls,No complete operand/query state; typed constructor role improved in 0.1.2; multiline shorthand and cross-line call roles differ; precedence/typing are outside highlighter.
postfix,202,Expressions / values / calls,"expression, code, parens, array, object, punctuation",typed-values; expression-contextual-operators; multiline-values-shorthand; whitespace-stable-types-and-calls,No complete operand/query state; typed constructor role improved in 0.1.2; multiline shorthand and cross-line call roles differ; precedence/typing are outside highlighter.
primary,203,Expressions / values / calls,"expression, code, parens, array, object, punctuation",typed-values; expression-contextual-operators; multiline-values-shorthand; whitespace-stable-types-and-calls,No complete operand/query state; typed constructor role improved in 0.1.2; multiline shorthand and cross-line call roles differ; precedence/typing are outside highlighter.
array,206,Expressions / values / calls,"expression, code, parens, array, object, punctuation",typed-values; expression-contextual-operators; multiline-values-shorthand; whitespace-stable-types-and-calls,No complete operand/query state; typed constructor role improved in 0.1.2; multiline shorthand and cross-line call roles differ; precedence/typing are outside highlighter.
values,207,Expressions / values / calls,"expression, code, parens, array, object, punctuation",typed-values; expression-contextual-operators; multiline-values-shorthand; whitespace-stable-types-and-calls,No complete operand/query state; typed constructor role improved in 0.1.2; multiline shorthand and cross-line call roles differ; precedence/typing are outside highlighter.
value_field,208,Expressions / values / calls,"expression, code, parens, array, object, punctuation",typed-values; expression-contextual-operators; multiline-values-shorthand; whitespace-stable-types-and-calls,No complete operand/query state; typed constructor role improved in 0.1.2; multiline shorthand and cross-line call roles differ; precedence/typing are outside highlighter.
typed_value,209,Expressions / values / calls,"expression, code, parens, array, object, punctuation",typed-values; expression-contextual-operators; multiline-values-shorthand; whitespace-stable-types-and-calls,No complete operand/query state; typed constructor role improved in 0.1.2; multiline shorthand and cross-line call roles differ; precedence/typing are outside highlighter.
VALUE_NAME,210,Expressions / values / calls,"expression, code, parens, array, object, punctuation",typed-values; expression-contextual-operators; multiline-values-shorthand; whitespace-stable-types-and-calls,No complete operand/query state; typed constructor role improved in 0.1.2; multiline shorthand and cross-line call roles differ; precedence/typing are outside highlighter.
arguments,211,Expressions / values / calls,"expression, code, parens, array, object, punctuation",typed-values; expression-contextual-operators; multiline-values-shorthand; whitespace-stable-types-and-calls,No complete operand/query state; typed constructor role improved in 0.1.2; multiline shorthand and cross-line call roles differ; precedence/typing are outside highlighter.
positional,213,Expressions / values / calls,"expression, code, parens, array, object, punctuation",typed-values; expression-contextual-operators; multiline-values-shorthand; whitespace-stable-types-and-calls,No complete operand/query state; typed constructor role improved in 0.1.2; multiline shorthand and cross-line call roles differ; precedence/typing are outside highlighter.
named_arguments,214,Expressions / values / calls,"expression, code, parens, array, object, punctuation",typed-values; expression-contextual-operators; multiline-values-shorthand; whitespace-stable-types-and-calls,No complete operand/query state; typed constructor role improved in 0.1.2; multiline shorthand and cross-line call roles differ; precedence/typing are outside highlighter.
call_expr,215,Expressions / values / calls,"expression, code, parens, array, object, punctuation",typed-values; expression-contextual-operators; multiline-values-shorthand; whitespace-stable-types-and-calls,No complete operand/query state; typed constructor role improved in 0.1.2; multiline shorthand and cross-line call roles differ; precedence/typing are outside highlighter.
query_tail,229,Query tails and extents,expression/code lookbehind query patterns and generic property key,query-newlines; query-contextual-domain; contextual-query-binders,Multiline clauses and contextual preceding identifiers lose query/operator roles; order= remains property-key; alias lifetime is not validated.
archive_clause,231,Query tails and extents,expression/code lookbehind query patterns and generic property key,query-newlines; query-contextual-domain; contextual-query-binders,Multiline clauses and contextual preceding identifiers lose query/operator roles; order= remains property-key; alias lifetime is not validated.
alias_clause,232,Query tails and extents,expression/code lookbehind query patterns and generic property key,query-newlines; query-contextual-domain; contextual-query-binders,Multiline clauses and contextual preceding identifiers lose query/operator roles; order= remains property-key; alias lifetime is not validated.
where_clause,233,Query tails and extents,expression/code lookbehind query patterns and generic property key,query-newlines; query-contextual-domain; contextual-query-binders,Multiline clauses and contextual preceding identifiers lose query/operator roles; order= remains property-key; alias lifetime is not validated.
order_clause,234,Query tails and extents,expression/code lookbehind query patterns and generic property key,query-newlines; query-contextual-domain; contextual-query-binders,Multiline clauses and contextual preceding identifiers lose query/operator roles; order= remains property-key; alias lifetime is not validated.
select_clause,235,Query tails and extents,expression/code lookbehind query patterns and generic property key,query-newlines; query-contextual-domain; contextual-query-binders,Multiline clauses and contextual preceding identifiers lose query/operator roles; order= remains property-key; alias lifetime is not validated.
given_items,249,Given declarations / resources / constraints,statements plus shared schema/expression rules; capability region,roles-of-declarations; qualified-derived-field; context-settings; capability-leaves; full-contextual-model-names,Declaration roles improved in 0.1.2; broad statement/model patterns ignore section context; secondary capability signature is call-scoped; permission/constraint meaning not checked.
given_leaf,250,Given declarations / resources / constraints,statements plus shared schema/expression rules; capability region,roles-of-declarations; qualified-derived-field; context-settings; capability-leaves; full-contextual-model-names,Declaration roles improved in 0.1.2; broad statement/model patterns ignore section context; secondary capability signature is call-scoped; permission/constraint meaning not checked.
ordinary_given,252,Given declarations / resources / constraints,statements plus shared schema/expression rules; capability region,roles-of-declarations; qualified-derived-field; context-settings; capability-leaves; full-contextual-model-names,Declaration roles improved in 0.1.2; broad statement/model patterns ignore section context; secondary capability signature is call-scoped; permission/constraint meaning not checked.
preferences,253,Given declarations / resources / constraints,statements plus shared schema/expression rules; capability region,roles-of-declarations; qualified-derived-field; context-settings; capability-leaves; full-contextual-model-names,Declaration roles improved in 0.1.2; broad statement/model patterns ignore section context; secondary capability signature is call-scoped; permission/constraint meaning not checked.
model,254,Given declarations / resources / constraints,statements plus shared schema/expression rules; capability region,roles-of-declarations; qualified-derived-field; context-settings; capability-leaves; full-contextual-model-names,Declaration roles improved in 0.1.2; broad statement/model patterns ignore section context; secondary capability signature is call-scoped; permission/constraint meaning not checked.
contract,255,Given declarations / resources / constraints,statements plus shared schema/expression rules; capability region,roles-of-declarations; qualified-derived-field; context-settings; capability-leaves; full-contextual-model-names,Declaration roles improved in 0.1.2; broad statement/model patterns ignore section context; secondary capability signature is call-scoped; permission/constraint meaning not checked.
event,256,Given declarations / resources / constraints,statements plus shared schema/expression rules; capability region,roles-of-declarations; qualified-derived-field; context-settings; capability-leaves; full-contextual-model-names,Declaration roles improved in 0.1.2; broad statement/model patterns ignore section context; secondary capability signature is call-scoped; permission/constraint meaning not checked.
role,257,Given declarations / resources / constraints,statements plus shared schema/expression rules; capability region,roles-of-declarations; qualified-derived-field; context-settings; capability-leaves; full-contextual-model-names,Declaration roles improved in 0.1.2; broad statement/model patterns ignore section context; secondary capability signature is call-scoped; permission/constraint meaning not checked.
derive_field,258,Given declarations / resources / constraints,statements plus shared schema/expression rules; capability region,roles-of-declarations; qualified-derived-field; context-settings; capability-leaves; full-contextual-model-names,Declaration roles improved in 0.1.2; broad statement/model patterns ignore section context; secondary capability signature is call-scoped; permission/constraint meaning not checked.
pure_function,259,Given declarations / resources / constraints,statements plus shared schema/expression rules; capability region,roles-of-declarations; qualified-derived-field; context-settings; capability-leaves; full-contextual-model-names,Declaration roles improved in 0.1.2; broad statement/model patterns ignore section context; secondary capability signature is call-scoped; permission/constraint meaning not checked.
policy,260,Given declarations / resources / constraints,statements plus shared schema/expression rules; capability region,roles-of-declarations; qualified-derived-field; context-settings; capability-leaves; full-contextual-model-names,Declaration roles improved in 0.1.2; broad statement/model patterns ignore section context; secondary capability signature is call-scoped; permission/constraint meaning not checked.
invariant,261,Given declarations / resources / constraints,statements plus shared schema/expression rules; capability region,roles-of-declarations; qualified-derived-field; context-settings; capability-leaves; full-contextual-model-names,Declaration roles improved in 0.1.2; broad statement/model patterns ignore section context; secondary capability signature is call-scoped; permission/constraint meaning not checked.
unique,262,Given declarations / resources / constraints,statements plus shared schema/expression rules; capability region,roles-of-declarations; qualified-derived-field; context-settings; capability-leaves; full-contextual-model-names,Declaration roles improved in 0.1.2; broad statement/model patterns ignore section context; secondary capability signature is call-scoped; permission/constraint meaning not checked.
lock,263,Given declarations / resources / constraints,statements plus shared schema/expression rules; capability region,roles-of-declarations; qualified-derived-field; context-settings; capability-leaves; full-contextual-model-names,Declaration roles improved in 0.1.2; broad statement/model patterns ignore section context; secondary capability signature is call-scoped; permission/constraint meaning not checked.
retain,264,Given declarations / resources / constraints,statements plus shared schema/expression rules; capability region,roles-of-declarations; qualified-derived-field; context-settings; capability-leaves; full-contextual-model-names,Declaration roles improved in 0.1.2; broad statement/model patterns ignore section context; secondary capability signature is call-scoped; permission/constraint meaning not checked.
fixture,265,Given declarations / resources / constraints,statements plus shared schema/expression rules; capability region,roles-of-declarations; qualified-derived-field; context-settings; capability-leaves; full-contextual-model-names,Declaration roles improved in 0.1.2; broad statement/model patterns ignore section context; secondary capability signature is call-scoped; permission/constraint meaning not checked.
capability,266,Given declarations / resources / constraints,statements plus shared schema/expression rules; capability region,roles-of-declarations; qualified-derived-field; context-settings; capability-leaves; full-contextual-model-names,Declaration roles improved in 0.1.2; broad statement/model patterns ignore section context; secondary capability signature is call-scoped; permission/constraint meaning not checked.
capability_items,267,Given declarations / resources / constraints,statements plus shared schema/expression rules; capability region,roles-of-declarations; qualified-derived-field; context-settings; capability-leaves; full-contextual-model-names,Declaration roles improved in 0.1.2; broad statement/model patterns ignore section context; secondary capability signature is call-scoped; permission/constraint meaning not checked.
capability_leaf,268,Given declarations / resources / constraints,statements plus shared schema/expression rules; capability region,roles-of-declarations; qualified-derived-field; context-settings; capability-leaves; full-contextual-model-names,Declaration roles improved in 0.1.2; broad statement/model patterns ignore section context; secondary capability signature is call-scoped; permission/constraint meaning not checked.
message,278,Messages / captions / label maps / locales,"markers, variants, string, generic object/property key",schema-prose-and-variants; identifier-after-keyword,"JSON strings, suffix, basic keys covered; closed label schemas and attachment not validated; quoted locale key has ordinary string scope."
message_parameters,279,Messages / captions / label maps / locales,"markers, variants, string, generic object/property key",schema-prose-and-variants; identifier-after-keyword,"JSON strings, suffix, basic keys covered; closed label schemas and attachment not validated; quoted locale key has ordinary string scope."
message_value,280,Messages / captions / label maps / locales,"markers, variants, string, generic object/property key",schema-prose-and-variants; identifier-after-keyword,"JSON strings, suffix, basic keys covered; closed label schemas and attachment not validated; quoted locale key has ordinary string scope."
message_variants,281,Messages / captions / label maps / locales,"markers, variants, string, generic object/property key",schema-prose-and-variants; identifier-after-keyword,"JSON strings, suffix, basic keys covered; closed label schemas and attachment not validated; quoted locale key has ordinary string scope."
message_variant,282,Messages / captions / label maps / locales,"markers, variants, string, generic object/property key",schema-prose-and-variants; identifier-after-keyword,"JSON strings, suffix, basic keys covered; closed label schemas and attachment not validated; quoted locale key has ordinary string scope."
caption,283,Messages / captions / label maps / locales,"markers, variants, string, generic object/property key",schema-prose-and-variants; identifier-after-keyword,"JSON strings, suffix, basic keys covered; closed label schemas and attachment not validated; quoted locale key has ordinary string scope."
scalar_label_attribute,284,Messages / captions / label maps / locales,"markers, variants, string, generic object/property key",schema-prose-and-variants; identifier-after-keyword,"JSON strings, suffix, basic keys covered; closed label schemas and attachment not validated; quoted locale key has ordinary string scope."
field_label_attribute,285,Messages / captions / label maps / locales,"markers, variants, string, generic object/property key",schema-prose-and-variants; identifier-after-keyword,"JSON strings, suffix, basic keys covered; closed label schemas and attachment not validated; quoted locale key has ordinary string scope."
field_label_value,286,Messages / captions / label maps / locales,"markers, variants, string, generic object/property key",schema-prose-and-variants; identifier-after-keyword,"JSON strings, suffix, basic keys covered; closed label schemas and attachment not validated; quoted locale key has ordinary string scope."
field_label_entry,287,Messages / captions / label maps / locales,"markers, variants, string, generic object/property key",schema-prose-and-variants; identifier-after-keyword,"JSON strings, suffix, basic keys covered; closed label schemas and attachment not validated; quoted locale key has ordinary string scope."
case_labels,288,Messages / captions / label maps / locales,"markers, variants, string, generic object/property key",schema-prose-and-variants; identifier-after-keyword,"JSON strings, suffix, basic keys covered; closed label schemas and attachment not validated; quoted locale key has ordinary string scope."
case_label,289,Messages / captions / label maps / locales,"markers, variants, string, generic object/property key",schema-prose-and-variants; identifier-after-keyword,"JSON strings, suffix, basic keys covered; closed label schemas and attachment not validated; quoted locale key has ordinary string scope."
crud_labels,290,Messages / captions / label maps / locales,"markers, variants, string, generic object/property key",schema-prose-and-variants; identifier-after-keyword,"JSON strings, suffix, basic keys covered; closed label schemas and attachment not validated; quoted locale key has ordinary string scope."
crud_label_entry,291,Messages / captions / label maps / locales,"markers, variants, string, generic object/property key",schema-prose-and-variants; identifier-after-keyword,"JSON strings, suffix, basic keys covered; closed label schemas and attachment not validated; quoted locale key has ordinary string scope."
when_items,305,When / guards / effects / control,statements plus signature-parens/result-type/expression,effects-and-reference-targets; effect-versus-model-brace; contextual-query-binders; semicolons,Plain effect paths improved in 0.1.2; return-object and loop contextual-name collisions; parenthesized targets lose operation role; authority/execution correctness outside scope.
crud_head,307,When / guards / effects / control,statements plus signature-parens/result-type/expression,effects-and-reference-targets; effect-versus-model-brace; contextual-query-binders; semicolons,Plain effect paths improved in 0.1.2; return-object and loop contextual-name collisions; parenthesized targets lose operation role; authority/execution correctness outside scope.
user_scenario,308,When / guards / effects / control,statements plus signature-parens/result-type/expression,effects-and-reference-targets; effect-versus-model-brace; contextual-query-binders; semicolons,Plain effect paths improved in 0.1.2; return-object and loop contextual-name collisions; parenthesized targets lose operation role; authority/execution correctness outside scope.
trusted_scenario,309,When / guards / effects / control,statements plus signature-parens/result-type/expression,effects-and-reference-targets; effect-versus-model-brace; contextual-query-binders; semicolons,Plain effect paths improved in 0.1.2; return-object and loop contextual-name collisions; parenthesized targets lose operation role; authority/execution correctness outside scope.
handler_source,310,When / guards / effects / control,statements plus signature-parens/result-type/expression,effects-and-reference-targets; effect-versus-model-brace; contextual-query-binders; semicolons,Plain effect paths improved in 0.1.2; return-object and loop contextual-name collisions; parenthesized targets lose operation role; authority/execution correctness outside scope.
scenario_body,311,When / guards / effects / control,statements plus signature-parens/result-type/expression,effects-and-reference-targets; effect-versus-model-brace; contextual-query-binders; semicolons,Plain effect paths improved in 0.1.2; return-object and loop contextual-name collisions; parenthesized targets lose operation role; authority/execution correctness outside scope.
guard_line,312,When / guards / effects / control,statements plus signature-parens/result-type/expression,effects-and-reference-targets; effect-versus-model-brace; contextual-query-binders; semicolons,Plain effect paths improved in 0.1.2; return-object and loop contextual-name collisions; parenthesized targets lose operation role; authority/execution correctness outside scope.
guard,313,When / guards / effects / control,statements plus signature-parens/result-type/expression,effects-and-reference-targets; effect-versus-model-brace; contextual-query-binders; semicolons,Plain effect paths improved in 0.1.2; return-object and loop contextual-name collisions; parenthesized targets lose operation role; authority/execution correctness outside scope.
do_body,314,When / guards / effects / control,statements plus signature-parens/result-type/expression,effects-and-reference-targets; effect-versus-model-brace; contextual-query-binders; semicolons,Plain effect paths improved in 0.1.2; return-object and loop contextual-name collisions; parenthesized targets lose operation role; authority/execution correctness outside scope.
effect_body,315,When / guards / effects / control,statements plus signature-parens/result-type/expression,effects-and-reference-targets; effect-versus-model-brace; contextual-query-binders; semicolons,Plain effect paths improved in 0.1.2; return-object and loop contextual-name collisions; parenthesized targets lose operation role; authority/execution correctness outside scope.
effect_line,316,When / guards / effects / control,statements plus signature-parens/result-type/expression,effects-and-reference-targets; effect-versus-model-brace; contextual-query-binders; semicolons,Plain effect paths improved in 0.1.2; return-object and loop contextual-name collisions; parenthesized targets lose operation role; authority/execution correctness outside scope.
effect_leaves,317,When / guards / effects / control,statements plus signature-parens/result-type/expression,effects-and-reference-targets; effect-versus-model-brace; contextual-query-binders; semicolons,Plain effect paths improved in 0.1.2; return-object and loop contextual-name collisions; parenthesized targets lose operation role; authority/execution correctness outside scope.
effect_leaf,318,When / guards / effects / control,statements plus signature-parens/result-type/expression,effects-and-reference-targets; effect-versus-model-brace; contextual-query-binders; semicolons,Plain effect paths improved in 0.1.2; return-object and loop contextual-name collisions; parenthesized targets lose operation role; authority/execution correctness outside scope.
let,320,When / guards / effects / control,statements plus signature-parens/result-type/expression,effects-and-reference-targets; effect-versus-model-brace; contextual-query-binders; semicolons,Plain effect paths improved in 0.1.2; return-object and loop contextual-name collisions; parenthesized targets lose operation role; authority/execution correctness outside scope.
create,321,When / guards / effects / control,statements plus signature-parens/result-type/expression,effects-and-reference-targets; effect-versus-model-brace; contextual-query-binders; semicolons,Plain effect paths improved in 0.1.2; return-object and loop contextual-name collisions; parenthesized targets lose operation role; authority/execution correctness outside scope.
set,322,When / guards / effects / control,statements plus signature-parens/result-type/expression,effects-and-reference-targets; effect-versus-model-brace; contextual-query-binders; semicolons,Plain effect paths improved in 0.1.2; return-object and loop contextual-name collisions; parenthesized targets lose operation role; authority/execution correctness outside scope.
delete,323,When / guards / effects / control,statements plus signature-parens/result-type/expression,effects-and-reference-targets; effect-versus-model-brace; contextual-query-binders; semicolons,Plain effect paths improved in 0.1.2; return-object and loop contextual-name collisions; parenthesized targets lose operation role; authority/execution correctness outside scope.
call,324,When / guards / effects / control,statements plus signature-parens/result-type/expression,effects-and-reference-targets; effect-versus-model-brace; contextual-query-binders; semicolons,Plain effect paths improved in 0.1.2; return-object and loop contextual-name collisions; parenthesized targets lose operation role; authority/execution correctness outside scope.
emit,325,When / guards / effects / control,statements plus signature-parens/result-type/expression,effects-and-reference-targets; effect-versus-model-brace; contextual-query-binders; semicolons,Plain effect paths improved in 0.1.2; return-object and loop contextual-name collisions; parenthesized targets lose operation role; authority/execution correctness outside scope.
send,326,When / guards / effects / control,statements plus signature-parens/result-type/expression,effects-and-reference-targets; effect-versus-model-brace; contextual-query-binders; semicolons,Plain effect paths improved in 0.1.2; return-object and loop contextual-name collisions; parenthesized targets lose operation role; authority/execution correctness outside scope.
schedule,327,When / guards / effects / control,statements plus signature-parens/result-type/expression,effects-and-reference-targets; effect-versus-model-brace; contextual-query-binders; semicolons,Plain effect paths improved in 0.1.2; return-object and loop contextual-name collisions; parenthesized targets lose operation role; authority/execution correctness outside scope.
cancel,328,When / guards / effects / control,statements plus signature-parens/result-type/expression,effects-and-reference-targets; effect-versus-model-brace; contextual-query-binders; semicolons,Plain effect paths improved in 0.1.2; return-object and loop contextual-name collisions; parenthesized targets lose operation role; authority/execution correctness outside scope.
return,329,When / guards / effects / control,statements plus signature-parens/result-type/expression,effects-and-reference-targets; effect-versus-model-brace; contextual-query-binders; semicolons,Plain effect paths improved in 0.1.2; return-object and loop contextual-name collisions; parenthesized targets lose operation role; authority/execution correctness outside scope.
conditional,330,When / guards / effects / control,statements plus signature-parens/result-type/expression,effects-and-reference-targets; effect-versus-model-brace; contextual-query-binders; semicolons,Plain effect paths improved in 0.1.2; return-object and loop contextual-name collisions; parenthesized targets lose operation role; authority/execution correctness outside scope.
loop,331,When / guards / effects / control,statements plus signature-parens/result-type/expression,effects-and-reference-targets; effect-versus-model-brace; contextual-query-binders; semicolons,Plain effect paths improved in 0.1.2; return-object and loop contextual-name collisions; parenthesized targets lose operation role; authority/execution correctness outside scope.
mutation_target,332,When / guards / effects / control,statements plus signature-parens/result-type/expression,effects-and-reference-targets; effect-versus-model-brace; contextual-query-binders; semicolons,Plain effect paths improved in 0.1.2; return-object and loop contextual-name collisions; parenthesized targets lose operation role; authority/execution correctness outside scope.
scenario_examples,346,Behavior examples / table cells,examples statement rule and generic code expressions,crud-example-actions; sections-and-identifiers,No examples region: header/cell names may become presentation keywords; CRUD action fallback variable; -> and calls colored but no test execution or selector validation.
crud_examples,347,Behavior examples / table cells,examples statement rule and generic code expressions,crud-example-actions; sections-and-identifiers,No examples region: header/cell names may become presentation keywords; CRUD action fallback variable; -> and calls colored but no test execution or selector validation.
crud_action,348,Behavior examples / table cells,examples statement rule and generic code expressions,crud-example-actions; sections-and-identifiers,No examples region: header/cell names may become presentation keywords; CRUD action fallback variable; -> and calls colored but no test execution or selector validation.
example_bindings,349,Behavior examples / table cells,examples statement rule and generic code expressions,crud-example-actions; sections-and-identifiers,No examples region: header/cell names may become presentation keywords; CRUD action fallback variable; -> and calls colored but no test execution or selector validation.
example_table,350,Behavior examples / table cells,examples statement rule and generic code expressions,crud-example-actions; sections-and-identifiers,No examples region: header/cell names may become presentation keywords; CRUD action fallback variable; -> and calls colored but no test execution or selector validation.
observations,351,Behavior examples / table cells,examples statement rule and generic code expressions,crud-example-actions; sections-and-identifiers,No examples region: header/cell names may become presentation keywords; CRUD action fallback variable; -> and calls colored but no test execution or selector validation.
example_row,352,Behavior examples / table cells,examples statement rule and generic code expressions,crud-example-actions; sections-and-identifiers,No examples region: header/cell names may become presentation keywords; CRUD action fallback variable; -> and calls colored but no test execution or selector validation.
expected_error,353,Behavior examples / table cells,examples statement rule and generic code expressions,crud-example-actions; sections-and-identifiers,No examples region: header/cell names may become presentation keywords; CRUD action fallback variable; -> and calls colored but no test execution or selector validation.
then_item,363,Presentation / routes / selectors / ordering,statements page and UI rules; object/array/expression,presentation-reference-roles; routes-all-type-shapes; identifier-after-keyword,New attrs/maps receive generic colors; selectors not role-scoped; actions/review/refresh references missed; route type internals flattened; permissions unresolved.
page,364,Presentation / routes / selectors / ordering,statements page and UI rules; object/array/expression,presentation-reference-roles; routes-all-type-shapes; identifier-after-keyword,New attrs/maps receive generic colors; selectors not role-scoped; actions/review/refresh references missed; route type internals flattened; permissions unresolved.
ui_body,365,Presentation / routes / selectors / ordering,statements page and UI rules; object/array/expression,presentation-reference-roles; routes-all-type-shapes; identifier-after-keyword,New attrs/maps receive generic colors; selectors not role-scoped; actions/review/refresh references missed; route type internals flattened; permissions unresolved.
ui_item,366,Presentation / routes / selectors / ordering,statements page and UI rules; object/array/expression,presentation-reference-roles; routes-all-type-shapes; identifier-after-keyword,New attrs/maps receive generic colors; selectors not role-scoped; actions/review/refresh references missed; route type internals flattened; permissions unresolved.
ui_leaves,367,Presentation / routes / selectors / ordering,statements page and UI rules; object/array/expression,presentation-reference-roles; routes-all-type-shapes; identifier-after-keyword,New attrs/maps receive generic colors; selectors not role-scoped; actions/review/refresh references missed; route type internals flattened; permissions unresolved.
ui_leaf,368,Presentation / routes / selectors / ordering,statements page and UI rules; object/array/expression,presentation-reference-roles; routes-all-type-shapes; identifier-after-keyword,New attrs/maps receive generic colors; selectors not role-scoped; actions/review/refresh references missed; route type internals flattened; permissions unresolved.
ui_group,372,Presentation / routes / selectors / ordering,statements page and UI rules; object/array/expression,presentation-reference-roles; routes-all-type-shapes; identifier-after-keyword,New attrs/maps receive generic colors; selectors not role-scoped; actions/review/refresh references missed; route type internals flattened; permissions unresolved.
tabs_group,374,Presentation / routes / selectors / ordering,statements page and UI rules; object/array/expression,presentation-reference-roles; routes-all-type-shapes; identifier-after-keyword,New attrs/maps receive generic colors; selectors not role-scoped; actions/review/refresh references missed; route type internals flattened; permissions unresolved.
tab_items,375,Presentation / routes / selectors / ordering,statements page and UI rules; object/array/expression,presentation-reference-roles; routes-all-type-shapes; identifier-after-keyword,New attrs/maps receive generic colors; selectors not role-scoped; actions/review/refresh references missed; route type internals flattened; permissions unresolved.
collection,376,Presentation / routes / selectors / ordering,statements page and UI rules; object/array/expression,presentation-reference-roles; routes-all-type-shapes; identifier-after-keyword,New attrs/maps receive generic colors; selectors not role-scoped; actions/review/refresh references missed; route type internals flattened; permissions unresolved.
collection_header,377,Presentation / routes / selectors / ordering,statements page and UI rules; object/array/expression,presentation-reference-roles; routes-all-type-shapes; identifier-after-keyword,New attrs/maps receive generic colors; selectors not role-scoped; actions/review/refresh references missed; route type internals flattened; permissions unresolved.
collection_head,378,Presentation / routes / selectors / ordering,statements page and UI rules; object/array/expression,presentation-reference-roles; routes-all-type-shapes; identifier-after-keyword,New attrs/maps receive generic colors; selectors not role-scoped; actions/review/refresh references missed; route type internals flattened; permissions unresolved.
form,379,Presentation / routes / selectors / ordering,statements page and UI rules; object/array/expression,presentation-reference-roles; routes-all-type-shapes; identifier-after-keyword,New attrs/maps receive generic colors; selectors not role-scoped; actions/review/refresh references missed; route type internals flattened; permissions unresolved.
form_header,380,Presentation / routes / selectors / ordering,statements page and UI rules; object/array/expression,presentation-reference-roles; routes-all-type-shapes; identifier-after-keyword,New attrs/maps receive generic colors; selectors not role-scoped; actions/review/refresh references missed; route type internals flattened; permissions unresolved.
selector,381,Presentation / routes / selectors / ordering,statements page and UI rules; object/array/expression,presentation-reference-roles; routes-all-type-shapes; identifier-after-keyword,New attrs/maps receive generic colors; selectors not role-scoped; actions/review/refresh references missed; route type internals flattened; permissions unresolved.
selectors,382,Presentation / routes / selectors / ordering,statements page and UI rules; object/array/expression,presentation-reference-roles; routes-all-type-shapes; identifier-after-keyword,New attrs/maps receive generic colors; selectors not role-scoped; actions/review/refresh references missed; route type internals flattened; permissions unresolved.
ordering,383,Presentation / routes / selectors / ordering,statements page and UI rules; object/array/expression,presentation-reference-roles; routes-all-type-shapes; identifier-after-keyword,New attrs/maps receive generic colors; selectors not role-scoped; actions/review/refresh references missed; route type internals flattened; permissions unresolved.
ui_order,384,Presentation / routes / selectors / ordering,statements page and UI rules; object/array/expression,presentation-reference-roles; routes-all-type-shapes; identifier-after-keyword,New attrs/maps receive generic colors; selectors not role-scoped; actions/review/refresh references missed; route type internals flattened; permissions unresolved.
preference_order,385,Presentation / routes / selectors / ordering,statements page and UI rules; object/array/expression,presentation-reference-roles; routes-all-type-shapes; identifier-after-keyword,New attrs/maps receive generic colors; selectors not role-scoped; actions/review/refresh references missed; route type internals flattened; permissions unresolved.
preference_order_member,386,Presentation / routes / selectors / ordering,statements page and UI rules; object/array/expression,presentation-reference-roles; routes-all-type-shapes; identifier-after-keyword,New attrs/maps receive generic colors; selectors not role-scoped; actions/review/refresh references missed; route type internals flattened; permissions unresolved.
order_case,389,Presentation / routes / selectors / ordering,statements page and UI rules; object/array/expression,presentation-reference-roles; routes-all-type-shapes; identifier-after-keyword,New attrs/maps receive generic colors; selectors not role-scoped; actions/review/refresh references missed; route type internals flattened; permissions unresolved.
route,390,Presentation / routes / selectors / ordering,statements page and UI rules; object/array/expression,presentation-reference-roles; routes-all-type-shapes; identifier-after-keyword,New attrs/maps receive generic colors; selectors not role-scoped; actions/review/refresh references missed; route type internals flattened; permissions unresolved.
route_segment,391,Presentation / routes / selectors / ordering,statements page and UI rules; object/array/expression,presentation-reference-roles; routes-all-type-shapes; identifier-after-keyword,New attrs/maps receive generic colors; selectors not role-scoped; actions/review/refresh references missed; route type internals flattened; permissions unresolved.
STATIC_SEGMENT,393,Presentation / routes / selectors / ordering,statements page and UI rules; object/array/expression,presentation-reference-roles; routes-all-type-shapes; identifier-after-keyword,New attrs/maps receive generic colors; selectors not role-scoped; actions/review/refresh references missed; route type internals flattened; permissions unresolved.
migration,405,Maintenance / migration / backfills,statements rename/owner/control rules plus expression,maintenance,Rename fields flattened into type; backfill model reference variable; directive shape/pure mapper limits and migration execution not validated.
migration_items,406,Maintenance / migration / backfills,statements rename/owner/control rules plus expression,maintenance,Rename fields flattened into type; backfill model reference variable; directive shape/pure mapper limits and migration execution not validated.
migration_item,407,Maintenance / migration / backfills,statements rename/owner/control rules plus expression,maintenance,Rename fields flattened into type; backfill model reference variable; directive shape/pure mapper limits and migration execution not validated.
migration_leaves,408,Maintenance / migration / backfills,statements rename/owner/control rules plus expression,maintenance,Rename fields flattened into type; backfill model reference variable; directive shape/pure mapper limits and migration execution not validated.
migration_leaf,409,Maintenance / migration / backfills,statements rename/owner/control rules plus expression,maintenance,Rename fields flattened into type; backfill model reference variable; directive shape/pure mapper limits and migration execution not validated.
before_path,412,Maintenance / migration / backfills,statements rename/owner/control rules plus expression,maintenance,Rename fields flattened into type; backfill model reference variable; directive shape/pure mapper limits and migration execution not validated.
backfill,413,Maintenance / migration / backfills,statements rename/owner/control rules plus expression,maintenance,Rename fields flattened into type; backfill model reference variable; directive shape/pure mapper limits and migration execution not validated.
mapper_body,414,Maintenance / migration / backfills,statements rename/owner/control rules plus expression,maintenance,Rename fields flattened into type; backfill model reference variable; directive shape/pure mapper limits and migration execution not validated.
mapper_do,415,Maintenance / migration / backfills,statements rename/owner/control rules plus expression,maintenance,Rename fields flattened into type; backfill model reference variable; directive shape/pure mapper limits and migration execution not validated.
mapper_effects,416,Maintenance / migration / backfills,statements rename/owner/control rules plus expression,maintenance,Rename fields flattened into type; backfill model reference variable; directive shape/pure mapper limits and migration execution not validated.
mapper_leaves,417,Maintenance / migration / backfills,statements rename/owner/control rules plus expression,maintenance,Rename fields flattened into type; backfill model reference variable; directive shape/pure mapper limits and migration execution not validated.
mapper_leaf,418,Maintenance / migration / backfills,statements rename/owner/control rules plus expression,maintenance,Rename fields flattened into type; backfill model reference variable; directive shape/pure mapper limits and migration execution not validated.
mapper_conditional,419,Maintenance / migration / backfills,statements rename/owner/control rules plus expression,maintenance,Rename fields flattened into type; backfill model reference variable; directive shape/pure mapper limits and migration execution not validated.
