id	owner	caller_status	direct_resource_ids	owner_family_ids	limit
CF-activation	cloudflare	production-observed-source	CF03	CF01,CF02,CF03,CF04,CF05,CF06,CF07,CF08,LF09,LI10,LI15,LR13,LR14,LR21,LR25,LSW-07,LSW-08,LSW-12,LSW-16,LSW-17,LSW-18,LSW-19,SV12	inherited caller stage; owner families are contextual, not evidence every duty is implemented/accepted
CF-apply	cloudflare	production-observed-source	CF02,CF03	CF01,CF02,CF03,CF04,CF05,CF06,CF07,CF08,LF09,LI10,LI15,LR13,LR14,LR21,LR25,LSW-07,LSW-08,LSW-12,LSW-16,LSW-17,LSW-18,LSW-19,SV12	inherited caller stage; owner families are contextual, not evidence every duty is implemented/accepted
CF-artifact	cloudflare	production-observed-source	LR13	CF01,CF02,CF03,CF04,CF05,CF06,CF07,CF08,LF09,LI10,LI15,LR13,LR14,LR21,LR25,LSW-07,LSW-08,LSW-12,LSW-16,LSW-17,LSW-18,LSW-19,SV12	inherited caller stage; owner families are contextual, not evidence every duty is implemented/accepted
CF-asset-bundle	cloudflare	conditional-production	CF01,CF02	CF01,CF02,CF03,CF04,CF05,CF06,CF07,CF08,LF09,LI10,LI15,LR13,LR14,LR21,LR25,LSW-07,LSW-08,LSW-12,LSW-16,LSW-17,LSW-18,LSW-19,SV12	inherited caller stage; owner families are contextual, not evidence every duty is implemented/accepted
CF-bundle	cloudflare	production-observed-source	CF01,CF02	CF01,CF02,CF03,CF04,CF05,CF06,CF07,CF08,LF09,LI10,LI15,LR13,LR14,LR21,LR25,LSW-07,LSW-08,LSW-12,LSW-16,LSW-17,LSW-18,LSW-19,SV12	inherited caller stage; owner families are contextual, not evidence every duty is implemented/accepted
CF-canonical-mutation	cloudflare	production-observed-source	LR13,LSW-07,LSW-08,LSW-12,LSW-16,LSW-17,LSW-18,LSW-19	CF01,CF02,CF03,CF04,CF05,CF06,CF07,CF08,LF09,LI10,LI15,LR13,LR14,LR21,LR25,LSW-07,LSW-08,LSW-12,LSW-16,LSW-17,LSW-18,LSW-19,SV12	inherited caller stage; owner families are contextual, not evidence every duty is implemented/accepted
CF-canonical-policy	cloudflare	production-observed-source	LR13,LSW-07,LSW-08,LSW-12,LSW-16,LSW-17,LSW-18,LSW-19	CF01,CF02,CF03,CF04,CF05,CF06,CF07,CF08,LF09,LI10,LI15,LR13,LR14,LR21,LR25,LSW-07,LSW-08,LSW-12,LSW-16,LSW-17,LSW-18,LSW-19,SV12	inherited caller stage; owner families are contextual, not evidence every duty is implemented/accepted
CF-canonical-read	cloudflare	production-observed-source	LR13,LSW-07,LSW-08,LSW-12,LSW-16,LSW-17,LSW-18,LSW-19	CF01,CF02,CF03,CF04,CF05,CF06,CF07,CF08,LF09,LI10,LI15,LR13,LR14,LR21,LR25,LSW-07,LSW-08,LSW-12,LSW-16,LSW-17,LSW-18,LSW-19,SV12	inherited caller stage; owner families are contextual, not evidence every duty is implemented/accepted
CF-cli	cloudflare	production-observed-source	CF07	CF01,CF02,CF03,CF04,CF05,CF06,CF07,CF08,LF09,LI10,LI15,LR13,LR14,LR21,LR25,LSW-07,LSW-08,LSW-12,LSW-16,LSW-17,LSW-18,LSW-19,SV12	inherited caller stage; owner families are contextual, not evidence every duty is implemented/accepted
CF-compat	cloudflare	production-observed-source	CF03	CF01,CF02,CF03,CF04,CF05,CF06,CF07,CF08,LF09,LI10,LI15,LR13,LR14,LR21,LR25,LSW-07,LSW-08,LSW-12,LSW-16,LSW-17,LSW-18,LSW-19,SV12	inherited caller stage; owner families are contextual, not evidence every duty is implemented/accepted
CF-context-stdlib	cloudflare	conditional-production	LR14,SV12	CF01,CF02,CF03,CF04,CF05,CF06,CF07,CF08,LF09,LI10,LI15,LR13,LR14,LR21,LR25,LSW-07,LSW-08,LSW-12,LSW-16,LSW-17,LSW-18,LSW-19,SV12	inherited caller stage; owner families are contextual, not evidence every duty is implemented/accepted
CF-deploy-plan	cloudflare	production-observed-source	CF02	CF01,CF02,CF03,CF04,CF05,CF06,CF07,CF08,LF09,LI10,LI15,LR13,LR14,LR21,LR25,LSW-07,LSW-08,LSW-12,LSW-16,LSW-17,LSW-18,LSW-19,SV12	inherited caller stage; owner families are contextual, not evidence every duty is implemented/accepted
CF-deploy-review	cloudflare	production-observed-source	CF02	CF01,CF02,CF03,CF04,CF05,CF06,CF07,CF08,LF09,LI10,LI15,LR13,LR14,LR21,LR25,LSW-07,LSW-08,LSW-12,LSW-16,LSW-17,LSW-18,LSW-19,SV12	inherited caller stage; owner families are contextual, not evidence every duty is implemented/accepted
CF-diagnostics	cloudflare	conditional-production	LR13,LSW-07,LSW-08,LSW-12,LSW-16,LSW-17,LSW-18,LSW-19	CF01,CF02,CF03,CF04,CF05,CF06,CF07,CF08,LF09,LI10,LI15,LR13,LR14,LR21,LR25,LSW-07,LSW-08,LSW-12,LSW-16,LSW-17,LSW-18,LSW-19,SV12	inherited caller stage; owner families are contextual, not evidence every duty is implemented/accepted
CF-dispatch-composition	cloudflare	test-only-observed-call	LF09,LR14	CF01,CF02,CF03,CF04,CF05,CF06,CF07,CF08,LF09,LI10,LI15,LR13,LR14,LR21,LR25,LSW-07,LSW-08,LSW-12,LSW-16,LSW-17,LSW-18,LSW-19,SV12	inherited caller stage; owner families are contextual, not evidence every duty is implemented/accepted
CF-dispatch-driver	cloudflare	conditional-production	LR13,LSW-07,LSW-08,LSW-12,LSW-16,LSW-17,LSW-18,LSW-19	CF01,CF02,CF03,CF04,CF05,CF06,CF07,CF08,LF09,LI10,LI15,LR13,LR14,LR21,LR25,LSW-07,LSW-08,LSW-12,LSW-16,LSW-17,LSW-18,LSW-19,SV12	inherited caller stage; owner families are contextual, not evidence every duty is implemented/accepted
CF-dispatch-staging	cloudflare	conditional-production	LR13,LSW-07,LSW-08,LSW-12,LSW-16,LSW-17,LSW-18,LSW-19	CF01,CF02,CF03,CF04,CF05,CF06,CF07,CF08,LF09,LI10,LI15,LR13,LR14,LR21,LR25,LSW-07,LSW-08,LSW-12,LSW-16,LSW-17,LSW-18,LSW-19,SV12	inherited caller stage; owner families are contextual, not evidence every duty is implemented/accepted
CF-dist-integrity	cloudflare	conditional-production	CF08	CF01,CF02,CF03,CF04,CF05,CF06,CF07,CF08,LF09,LI10,LI15,LR13,LR14,LR21,LR25,LSW-07,LSW-08,LSW-12,LSW-16,LSW-17,LSW-18,LSW-19,SV12	inherited caller stage; owner families are contextual, not evidence every duty is implemented/accepted
CF-docs	cloudflare	production-observed-source		CF01,CF02,CF03,CF04,CF05,CF06,CF07,CF08,LF09,LI10,LI15,LR13,LR14,LR21,LR25,LSW-07,LSW-08,LSW-12,LSW-16,LSW-17,LSW-18,LSW-19,SV12	inherited caller stage; owner families are contextual, not evidence every duty is implemented/accepted
CF-env-stores	cloudflare	production-observed-source	LI15,LR14	CF01,CF02,CF03,CF04,CF05,CF06,CF07,CF08,LF09,LI10,LI15,LR13,LR14,LR21,LR25,LSW-07,LSW-08,LSW-12,LSW-16,LSW-17,LSW-18,LSW-19,SV12	inherited caller stage; owner families are contextual, not evidence every duty is implemented/accepted
CF-exports	cloudflare	production-observed-source		CF01,CF02,CF03,CF04,CF05,CF06,CF07,CF08,LF09,LI10,LI15,LR13,LR14,LR21,LR25,LSW-07,LSW-08,LSW-12,LSW-16,LSW-17,LSW-18,LSW-19,SV12	inherited caller stage; owner families are contextual, not evidence every duty is implemented/accepted
CF-fanout-composition	cloudflare	test-only-observed-call	LF09,LR14	CF01,CF02,CF03,CF04,CF05,CF06,CF07,CF08,LF09,LI10,LI15,LR13,LR14,LR21,LR25,LSW-07,LSW-08,LSW-12,LSW-16,LSW-17,LSW-18,LSW-19,SV12	inherited caller stage; owner families are contextual, not evidence every duty is implemented/accepted
CF-fanout-driving	cloudflare	conditional-production	LR13,LSW-07,LSW-08,LSW-12,LSW-16,LSW-17,LSW-18,LSW-19	CF01,CF02,CF03,CF04,CF05,CF06,CF07,CF08,LF09,LI10,LI15,LR13,LR14,LR21,LR25,LSW-07,LSW-08,LSW-12,LSW-16,LSW-17,LSW-18,LSW-19,SV12	inherited caller stage; owner families are contextual, not evidence every duty is implemented/accepted
CF-fanout-staging	cloudflare	conditional-production	LR13,LSW-07,LSW-08,LSW-12,LSW-16,LSW-17,LSW-18,LSW-19	CF01,CF02,CF03,CF04,CF05,CF06,CF07,CF08,LF09,LI10,LI15,LR13,LR14,LR21,LR25,LSW-07,LSW-08,LSW-12,LSW-16,LSW-17,LSW-18,LSW-19,SV12	inherited caller stage; owner families are contextual, not evidence every duty is implemented/accepted
CF-grant-route	cloudflare	production-observed-source	LI10	CF01,CF02,CF03,CF04,CF05,CF06,CF07,CF08,LF09,LI10,LI15,LR13,LR14,LR21,LR25,LSW-07,LSW-08,LSW-12,LSW-16,LSW-17,LSW-18,LSW-19,SV12	inherited caller stage; owner families are contextual, not evidence every duty is implemented/accepted
CF-handler-context	cloudflare	production-observed-source		CF01,CF02,CF03,CF04,CF05,CF06,CF07,CF08,LF09,LI10,LI15,LR13,LR14,LR21,LR25,LSW-07,LSW-08,LSW-12,LSW-16,LSW-17,LSW-18,LSW-19,SV12	inherited caller stage; owner families are contextual, not evidence every duty is implemented/accepted
CF-imports	cloudflare	production-observed-source	CF01	CF01,CF02,CF03,CF04,CF05,CF06,CF07,CF08,LF09,LI10,LI15,LR13,LR14,LR21,LR25,LSW-07,LSW-08,LSW-12,LSW-16,LSW-17,LSW-18,LSW-19,SV12	inherited caller stage; owner families are contextual, not evidence every duty is implemented/accepted
CF-in-memory-assembly	cloudflare	production-observed-source	LR13	CF01,CF02,CF03,CF04,CF05,CF06,CF07,CF08,LF09,LI10,LI15,LR13,LR14,LR21,LR25,LSW-07,LSW-08,LSW-12,LSW-16,LSW-17,LSW-18,LSW-19,SV12	inherited caller stage; owner families are contextual, not evidence every duty is implemented/accepted
CF-installed-runtime	cloudflare	production-observed-source	CF03	CF01,CF02,CF03,CF04,CF05,CF06,CF07,CF08,LF09,LI10,LI15,LR13,LR14,LR21,LR25,LSW-07,LSW-08,LSW-12,LSW-16,LSW-17,LSW-18,LSW-19,SV12	inherited caller stage; owner families are contextual, not evidence every duty is implemented/accepted
CF-legacy-executors	cloudflare	test-only-observed-call		CF01,CF02,CF03,CF04,CF05,CF06,CF07,CF08,LF09,LI10,LI15,LR13,LR14,LR21,LR25,LSW-07,LSW-08,LSW-12,LSW-16,LSW-17,LSW-18,LSW-19,SV12	inherited caller stage; owner families are contextual, not evidence every duty is implemented/accepted
CF-local-defaults	cloudflare	production-observed-source	CF07	CF01,CF02,CF03,CF04,CF05,CF06,CF07,CF08,LF09,LI10,LI15,LR13,LR14,LR21,LR25,LSW-07,LSW-08,LSW-12,LSW-16,LSW-17,LSW-18,LSW-19,SV12	inherited caller stage; owner families are contextual, not evidence every duty is implemented/accepted
CF-local-host	cloudflare	production-observed-source	CF07,LR21	CF01,CF02,CF03,CF04,CF05,CF06,CF07,CF08,LF09,LI10,LI15,LR13,LR14,LR21,LR25,LSW-07,LSW-08,LSW-12,LSW-16,LSW-17,LSW-18,LSW-19,SV12	inherited caller stage; owner families are contextual, not evidence every duty is implemented/accepted
CF-local-rows	cloudflare	production-observed-source	CF07,LR21	CF01,CF02,CF03,CF04,CF05,CF06,CF07,CF08,LF09,LI10,LI15,LR13,LR14,LR21,LR25,LSW-07,LSW-08,LSW-12,LSW-16,LSW-17,LSW-18,LSW-19,SV12	inherited caller stage; owner families are contextual, not evidence every duty is implemented/accepted
CF-maps	cloudflare	production-observed-source	CF01	CF01,CF02,CF03,CF04,CF05,CF06,CF07,CF08,LF09,LI10,LI15,LR13,LR14,LR21,LR25,LSW-07,LSW-08,LSW-12,LSW-16,LSW-17,LSW-18,LSW-19,SV12	inherited caller stage; owner families are contextual, not evidence every duty is implemented/accepted
CF-mcp-permissions	cloudflare	production-observed-source	LR25	CF01,CF02,CF03,CF04,CF05,CF06,CF07,CF08,LF09,LI10,LI15,LR13,LR14,LR21,LR25,LSW-07,LSW-08,LSW-12,LSW-16,LSW-17,LSW-18,LSW-19,SV12	inherited caller stage; owner families are contextual, not evidence every duty is implemented/accepted
CF-mcp-registry	cloudflare	production-observed-source	LR13	CF01,CF02,CF03,CF04,CF05,CF06,CF07,CF08,LF09,LI10,LI15,LR13,LR14,LR21,LR25,LSW-07,LSW-08,LSW-12,LSW-16,LSW-17,LSW-18,LSW-19,SV12	inherited caller stage; owner families are contextual, not evidence every duty is implemented/accepted
CF-native-artifact	cloudflare	prototype-unadopted		CF01,CF02,CF03,CF04,CF05,CF06,CF07,CF08,LF09,LI10,LI15,LR13,LR14,LR21,LR25,LSW-07,LSW-08,LSW-12,LSW-16,LSW-17,LSW-18,LSW-19,SV12	inherited caller stage; owner families are contextual, not evidence every duty is implemented/accepted
CF-native-build-tool	cloudflare	conditional-production	CF08	CF01,CF02,CF03,CF04,CF05,CF06,CF07,CF08,LF09,LI10,LI15,LR13,LR14,LR21,LR25,LSW-07,LSW-08,LSW-12,LSW-16,LSW-17,LSW-18,LSW-19,SV12	inherited caller stage; owner families are contextual, not evidence every duty is implemented/accepted
CF-native-entry	cloudflare	prototype-unadopted	CF05	CF01,CF02,CF03,CF04,CF05,CF06,CF07,CF08,LF09,LI10,LI15,LR13,LR14,LR21,LR25,LSW-07,LSW-08,LSW-12,LSW-16,LSW-17,LSW-18,LSW-19,SV12	inherited caller stage; owner families are contextual, not evidence every duty is implemented/accepted
CF-native-frame	cloudflare	prototype-unadopted	CF05	CF01,CF02,CF03,CF04,CF05,CF06,CF07,CF08,LF09,LI10,LI15,LR13,LR14,LR21,LR25,LSW-07,LSW-08,LSW-12,LSW-16,LSW-17,LSW-18,LSW-19,SV12	inherited caller stage; owner families are contextual, not evidence every duty is implemented/accepted
CF-native-host-protocol	cloudflare	prototype-unadopted	CF02,CF04,CF05	CF01,CF02,CF03,CF04,CF05,CF06,CF07,CF08,LF09,LI10,LI15,LR13,LR14,LR21,LR25,LSW-07,LSW-08,LSW-12,LSW-16,LSW-17,LSW-18,LSW-19,SV12	inherited caller stage; owner families are contextual, not evidence every duty is implemented/accepted
CF-native-integrity	cloudflare	prototype-unadopted	CF08	CF01,CF02,CF03,CF04,CF05,CF06,CF07,CF08,LF09,LI10,LI15,LR13,LR14,LR21,LR25,LSW-07,LSW-08,LSW-12,LSW-16,LSW-17,LSW-18,LSW-19,SV12	inherited caller stage; owner families are contextual, not evidence every duty is implemented/accepted
CF-native-modules	cloudflare	prototype-unadopted		CF01,CF02,CF03,CF04,CF05,CF06,CF07,CF08,LF09,LI10,LI15,LR13,LR14,LR21,LR25,LSW-07,LSW-08,LSW-12,LSW-16,LSW-17,LSW-18,LSW-19,SV12	inherited caller stage; owner families are contextual, not evidence every duty is implemented/accepted
CF-native-package-tool	cloudflare	conditional-production	CF08	CF01,CF02,CF03,CF04,CF05,CF06,CF07,CF08,LF09,LI10,LI15,LR13,LR14,LR21,LR25,LSW-07,LSW-08,LSW-12,LSW-16,LSW-17,LSW-18,LSW-19,SV12	inherited caller stage; owner families are contextual, not evidence every duty is implemented/accepted
CF-native-plan	cloudflare	prototype-unadopted		CF01,CF02,CF03,CF04,CF05,CF06,CF07,CF08,LF09,LI10,LI15,LR13,LR14,LR21,LR25,LSW-07,LSW-08,LSW-12,LSW-16,LSW-17,LSW-18,LSW-19,SV12	inherited caller stage; owner families are contextual, not evidence every duty is implemented/accepted
CF-native-selection	cloudflare	prototype-unadopted	CF02,CF04,CF08	CF01,CF02,CF03,CF04,CF05,CF06,CF07,CF08,LF09,LI10,LI15,LR13,LR14,LR21,LR25,LSW-07,LSW-08,LSW-12,LSW-16,LSW-17,LSW-18,LSW-19,SV12	inherited caller stage; owner families are contextual, not evidence every duty is implemented/accepted
CF-producer-lookup	cloudflare	production-observed-source	CF01	CF01,CF02,CF03,CF04,CF05,CF06,CF07,CF08,LF09,LI10,LI15,LR13,LR14,LR21,LR25,LSW-07,LSW-08,LSW-12,LSW-16,LSW-17,LSW-18,LSW-19,SV12	inherited caller stage; owner families are contextual, not evidence every duty is implemented/accepted
CF-publication	cloudflare	test-only-observed-call	CF06	CF01,CF02,CF03,CF04,CF05,CF06,CF07,CF08,LF09,LI10,LI15,LR13,LR14,LR21,LR25,LSW-07,LSW-08,LSW-12,LSW-16,LSW-17,LSW-18,LSW-19,SV12	inherited caller stage; owner families are contextual, not evidence every duty is implemented/accepted
CF-selected-receipt	cloudflare	conditional-production	LR13,LSW-07,LSW-08,LSW-12,LSW-16,LSW-17,LSW-18,LSW-19	CF01,CF02,CF03,CF04,CF05,CF06,CF07,CF08,LF09,LI10,LI15,LR13,LR14,LR21,LR25,LSW-07,LSW-08,LSW-12,LSW-16,LSW-17,LSW-18,LSW-19,SV12	inherited caller stage; owner families are contextual, not evidence every duty is implemented/accepted
CF-ts-build	cloudflare	production-observed-source	CF02,CF04,CF08	CF01,CF02,CF03,CF04,CF05,CF06,CF07,CF08,LF09,LI10,LI15,LR13,LR14,LR21,LR25,LSW-07,LSW-08,LSW-12,LSW-16,LSW-17,LSW-18,LSW-19,SV12	inherited caller stage; owner families are contextual, not evidence every duty is implemented/accepted
CF-ts-deploy	cloudflare	production-observed-source	CF01,CF02,CF04	CF01,CF02,CF03,CF04,CF05,CF06,CF07,CF08,LF09,LI10,LI15,LR13,LR14,LR21,LR25,LSW-07,LSW-08,LSW-12,LSW-16,LSW-17,LSW-18,LSW-19,SV12	inherited caller stage; owner families are contextual, not evidence every duty is implemented/accepted
CF-ts-host-helpers	cloudflare	production-observed-source	CF02,CF04	CF01,CF02,CF03,CF04,CF05,CF06,CF07,CF08,LF09,LI10,LI15,LR13,LR14,LR21,LR25,LSW-07,LSW-08,LSW-12,LSW-16,LSW-17,LSW-18,LSW-19,SV12	inherited caller stage; owner families are contextual, not evidence every duty is implemented/accepted
CF-upgrade-sequence	cloudflare	test-only-observed-call	CF02,CF03	CF01,CF02,CF03,CF04,CF05,CF06,CF07,CF08,LF09,LI10,LI15,LR13,LR14,LR21,LR25,LSW-07,LSW-08,LSW-12,LSW-16,LSW-17,LSW-18,LSW-19,SV12	inherited caller stage; owner families are contextual, not evidence every duty is implemented/accepted
CF-worker-composition	cloudflare	production-observed-source	LF09,LR14	CF01,CF02,CF03,CF04,CF05,CF06,CF07,CF08,LF09,LI10,LI15,LR13,LR14,LR21,LR25,LSW-07,LSW-08,LSW-12,LSW-16,LSW-17,LSW-18,LSW-19,SV12	inherited caller stage; owner families are contextual, not evidence every duty is implemented/accepted
CF-worker-main	cloudflare	production-observed-source	LI10	CF01,CF02,CF03,CF04,CF05,CF06,CF07,CF08,LF09,LI10,LI15,LR13,LR14,LR21,LR25,LSW-07,LSW-08,LSW-12,LSW-16,LSW-17,LSW-18,LSW-19,SV12	inherited caller stage; owner families are contextual, not evidence every duty is implemented/accepted
contracts-artifact	contracts	type-contract		LR23,SV12	inherited caller stage; owner families are contextual, not evidence every duty is implemented/accepted
contracts-artifact-version	contracts	production-observed-source		LR23,SV12	inherited caller stage; owner families are contextual, not evidence every duty is implemented/accepted
contracts-assembly	contracts	production-observed-source		LR23,SV12	inherited caller stage; owner families are contextual, not evidence every duty is implemented/accepted
contracts-asset-helpers	contracts	public-api-no-observed-in-repo-call		LR23,SV12	inherited caller stage; owner families are contextual, not evidence every duty is implemented/accepted
contracts-asset-types	contracts	production-observed-source		LR23,SV12	inherited caller stage; owner families are contextual, not evidence every duty is implemented/accepted
contracts-delivery-leaves	contracts	production-observed-source		LR23,SV12	inherited caller stage; owner families are contextual, not evidence every duty is implemented/accepted
contracts-deployment	contracts	type-contract		LR23,SV12	inherited caller stage; owner families are contextual, not evidence every duty is implemented/accepted
contracts-diagnostic	contracts	type-contract		LR23,SV12	inherited caller stage; owner families are contextual, not evidence every duty is implemented/accepted
contracts-distribution	contracts	production-observed-source		LR23,SV12	inherited caller stage; owner families are contextual, not evidence every duty is implemented/accepted
contracts-examples	contracts	type-contract	LR23	LR23,SV12	inherited caller stage; owner families are contextual, not evidence every duty is implemented/accepted
contracts-files	contracts	type-contract		LR23,SV12	inherited caller stage; owner families are contextual, not evidence every duty is implemented/accepted
contracts-generated-forms	contracts	production-observed-source		LR23,SV12	inherited caller stage; owner families are contextual, not evidence every duty is implemented/accepted
contracts-identity	contracts	type-contract	LR23	LR23,SV12	inherited caller stage; owner families are contextual, not evidence every duty is implemented/accepted
contracts-identity-catalog	contracts	public-api-no-observed-in-repo-call	LR23	LR23,SV12	inherited caller stage; owner families are contextual, not evidence every duty is implemented/accepted
contracts-packaging	contracts	production-observed-source		LR23,SV12	inherited caller stage; owner families are contextual, not evidence every duty is implemented/accepted
contracts-presentation-components	contracts	type-contract		LR23,SV12	inherited caller stage; owner families are contextual, not evidence every duty is implemented/accepted
contracts-presentation-page	contracts	type-contract		LR23,SV12	inherited caller stage; owner families are contextual, not evidence every duty is implemented/accepted
contracts-presentation-runtime	contracts	production-observed-source		LR23,SV12	inherited caller stage; owner families are contextual, not evidence every duty is implemented/accepted
contracts-reference	contracts	type-contract		LR23,SV12	inherited caller stage; owner families are contextual, not evidence every duty is implemented/accepted
contracts-services-descriptors	contracts	production-observed-source	LR23,SV12	LR23,SV12	inherited caller stage; owner families are contextual, not evidence every duty is implemented/accepted
contracts-services-types	contracts	type-contract	LR23,SV12	LR23,SV12	inherited caller stage; owner families are contextual, not evidence every duty is implemented/accepted
contracts-state-execution	contracts	type-contract	LR23	LR23,SV12	inherited caller stage; owner families are contextual, not evidence every duty is implemented/accepted
contracts-state-migration	contracts	type-contract	LR23	LR23,SV12	inherited caller stage; owner families are contextual, not evidence every duty is implemented/accepted
contracts-state-storage	contracts	type-contract	LR23	LR23,SV12	inherited caller stage; owner families are contextual, not evidence every duty is implemented/accepted
contracts-values	contracts	type-contract		LR23,SV12	inherited caller stage; owner families are contextual, not evidence every duty is implemented/accepted
contracts-wire-envelopes	contracts	type-contract		LR23,SV12	inherited caller stage; owner families are contextual, not evidence every duty is implemented/accepted
contracts-wire-runtime-policy	contracts	production-observed-source		LR23,SV12	inherited caller stage; owner families are contextual, not evidence every duty is implemented/accepted
contracts-work-fanout	contracts	type-contract		LR23,SV12	inherited caller stage; owner families are contextual, not evidence every duty is implemented/accepted
contracts-work-lifecycle	contracts	type-contract		LR23,SV12	inherited caller stage; owner families are contextual, not evidence every duty is implemented/accepted
contracts-work-observable-catalog	contracts	public-api-no-observed-in-repo-call		LR23,SV12	inherited caller stage; owner families are contextual, not evidence every duty is implemented/accepted
files-attachment-read	files	test-only-observed-call	LF02,LF03,LF04,LF05,LF06	LF01,LF02,LF03,LF04,LF05,LF06,LF07,LF08,LF09	inherited caller stage; owner families are contextual, not evidence every duty is implemented/accepted
files-bridge	files	test-only-observed-call	LF09	LF01,LF02,LF03,LF04,LF05,LF06,LF07,LF08,LF09	inherited caller stage; owner families are contextual, not evidence every duty is implemented/accepted
files-catalog	files	public-api-no-observed-in-repo-call		LF01,LF02,LF03,LF04,LF05,LF06,LF07,LF08,LF09	inherited caller stage; owner families are contextual, not evidence every duty is implemented/accepted
files-distribution	files	generated-staged		LF01,LF02,LF03,LF04,LF05,LF06,LF07,LF08,LF09	inherited caller stage; owner families are contextual, not evidence every duty is implemented/accepted
files-finalization	files	conditional-production	LF02,LF03,LF04,LF05,LF06	LF01,LF02,LF03,LF04,LF05,LF06,LF07,LF08,LF09	inherited caller stage; owner families are contextual, not evidence every duty is implemented/accepted
files-fs-storage	files	test-only-observed-call	LF01,LF03,LF06,LF07,LF08	LF01,LF02,LF03,LF04,LF05,LF06,LF07,LF08,LF09	inherited caller stage; owner families are contextual, not evidence every duty is implemented/accepted
files-port-contract	files	type-contract	LF01,LF03,LF06,LF07,LF08	LF01,LF02,LF03,LF04,LF05,LF06,LF07,LF08,LF09	inherited caller stage; owner families are contextual, not evidence every duty is implemented/accepted
files-provenance	files	conditional-production	LF03,LF04	LF01,LF02,LF03,LF04,LF05,LF06,LF07,LF08,LF09	inherited caller stage; owner families are contextual, not evidence every duty is implemented/accepted
files-provider-output	files	test-only-observed-call	LF02,LF03,LF04,LF05,LF06	LF01,LF02,LF03,LF04,LF05,LF06,LF07,LF08,LF09	inherited caller stage; owner families are contextual, not evidence every duty is implemented/accepted
files-public-surface	files	public-api-no-observed-in-repo-call		LF01,LF02,LF03,LF04,LF05,LF06,LF07,LF08,LF09	inherited caller stage; owner families are contextual, not evidence every duty is implemented/accepted
files-retention	files	test-only-observed-call	LF05,LF06	LF01,LF02,LF03,LF04,LF05,LF06,LF07,LF08,LF09	inherited caller stage; owner families are contextual, not evidence every duty is implemented/accepted
files-scenarios	files	test-only-observed-call		LF01,LF02,LF03,LF04,LF05,LF06,LF07,LF08,LF09	inherited caller stage; owner families are contextual, not evidence every duty is implemented/accepted
files-test-doubles	files	test-only-observed-call	LF01,LF03,LF06,LF07,LF08	LF01,LF02,LF03,LF04,LF05,LF06,LF07,LF08,LF09	inherited caller stage; owner families are contextual, not evidence every duty is implemented/accepted
files-upload	files	conditional-production	LF01,LF02,LF08	LF01,LF02,LF03,LF04,LF05,LF06,LF07,LF08,LF09	inherited caller stage; owner families are contextual, not evidence every duty is implemented/accepted
identity-account-registration	identity	conditional-production	LI01,LI03,LI05	LI01,LI02,LI03,LI04,LI05,LI06,LI07,LI08,LI09,LI10,LI11,LI12,LI13,LI14,LI15,LR26	inherited caller stage; owner families are contextual, not evidence every duty is implemented/accepted
identity-comparison	identity	conditional-production		LI01,LI02,LI03,LI04,LI05,LI06,LI07,LI08,LI09,LI10,LI11,LI12,LI13,LI14,LI15,LR26	inherited caller stage; owner families are contextual, not evidence every duty is implemented/accepted
identity-cookie	identity	production-observed-source	LI05	LI01,LI02,LI03,LI04,LI05,LI06,LI07,LI08,LI09,LI10,LI11,LI12,LI13,LI14,LI15,LR26	inherited caller stage; owner families are contextual, not evidence every duty is implemented/accepted
identity-credentials	identity	production-observed-source	LI02	LI01,LI02,LI03,LI04,LI05,LI06,LI07,LI08,LI09,LI10,LI11,LI12,LI13,LI14,LI15,LR26	inherited caller stage; owner families are contextual, not evidence every duty is implemented/accepted
identity-csrf	identity	production-observed-source	LI07	LI01,LI02,LI03,LI04,LI05,LI06,LI07,LI08,LI09,LI10,LI11,LI12,LI13,LI14,LI15,LR26	inherited caller stage; owner families are contextual, not evidence every duty is implemented/accepted
identity-d1	identity	production-observed-source	LI01,LI03,LI04,LI05,LI06,LI08,LI09,LI10,LI11,LI12,LI13,LI15	LI01,LI02,LI03,LI04,LI05,LI06,LI07,LI08,LI09,LI10,LI11,LI12,LI13,LI14,LI15,LR26	inherited caller stage; owner families are contextual, not evidence every duty is implemented/accepted
identity-distribution	identity	generated-staged		LI01,LI02,LI03,LI04,LI05,LI06,LI07,LI08,LI09,LI10,LI11,LI12,LI13,LI14,LI15,LR26	inherited caller stage; owner families are contextual, not evidence every duty is implemented/accepted
identity-grants	identity	production-observed-source	LI10	LI01,LI02,LI03,LI04,LI05,LI06,LI07,LI08,LI09,LI10,LI11,LI12,LI13,LI14,LI15,LR26	inherited caller stage; owner families are contextual, not evidence every duty is implemented/accepted
identity-invitations	identity	test-only-observed-call	LI11	LI01,LI02,LI03,LI04,LI05,LI06,LI07,LI08,LI09,LI10,LI11,LI12,LI13,LI14,LI15,LR26	inherited caller stage; owner families are contextual, not evidence every duty is implemented/accepted
identity-live-fence	identity	production-observed-source	LI05,LI10,LI14	LI01,LI02,LI03,LI04,LI05,LI06,LI07,LI08,LI09,LI10,LI11,LI12,LI13,LI14,LI15,LR26	inherited caller stage; owner families are contextual, not evidence every duty is implemented/accepted
identity-login-presession	identity	conditional-production	LI06	LI01,LI02,LI03,LI04,LI05,LI06,LI07,LI08,LI09,LI10,LI11,LI12,LI13,LI14,LI15,LR26	inherited caller stage; owner families are contextual, not evidence every duty is implemented/accepted
identity-membership	identity	test-only-observed-call	LI12	LI01,LI02,LI03,LI04,LI05,LI06,LI07,LI08,LI09,LI10,LI11,LI12,LI13,LI14,LI15,LR26	inherited caller stage; owner families are contextual, not evidence every duty is implemented/accepted
identity-oauth	identity	conditional-production	LI08,LI09	LI01,LI02,LI03,LI04,LI05,LI06,LI07,LI08,LI09,LI10,LI11,LI12,LI13,LI14,LI15,LR26	inherited caller stage; owner families are contextual, not evidence every duty is implemented/accepted
identity-password	identity	conditional-production	LI02	LI01,LI02,LI03,LI04,LI05,LI06,LI07,LI08,LI09,LI10,LI11,LI12,LI13,LI14,LI15,LR26	inherited caller stage; owner families are contextual, not evidence every duty is implemented/accepted
identity-ports	identity	production-observed-source	LI01,LI03,LI12	LI01,LI02,LI03,LI04,LI05,LI06,LI07,LI08,LI09,LI10,LI11,LI12,LI13,LI14,LI15,LR26	inherited caller stage; owner families are contextual, not evidence every duty is implemented/accepted
identity-public-surface	identity	production-observed-source		LI01,LI02,LI03,LI04,LI05,LI06,LI07,LI08,LI09,LI10,LI11,LI12,LI13,LI14,LI15,LR26	inherited caller stage; owner families are contextual, not evidence every duty is implemented/accepted
identity-recovery	identity	conditional-production	LI04	LI01,LI02,LI03,LI04,LI05,LI06,LI07,LI08,LI09,LI10,LI11,LI12,LI13,LI14,LI15,LR26	inherited caller stage; owner families are contextual, not evidence every duty is implemented/accepted
identity-resolution	identity	production-observed-source	LI05,LI10,LI13,LI14	LI01,LI02,LI03,LI04,LI05,LI06,LI07,LI08,LI09,LI10,LI11,LI12,LI13,LI14,LI15,LR26	inherited caller stage; owner families are contextual, not evidence every duty is implemented/accepted
identity-revoke	identity	conditional-production	LI05,LI10,LI14	LI01,LI02,LI03,LI04,LI05,LI06,LI07,LI08,LI09,LI10,LI11,LI12,LI13,LI14,LI15,LR26	inherited caller stage; owner families are contextual, not evidence every duty is implemented/accepted
identity-roles	identity	test-only-observed-call	LI12	LI01,LI02,LI03,LI04,LI05,LI06,LI07,LI08,LI09,LI10,LI11,LI12,LI13,LI14,LI15,LR26	inherited caller stage; owner families are contextual, not evidence every duty is implemented/accepted
identity-team-selection	identity	conditional-production	LI13	LI01,LI02,LI03,LI04,LI05,LI06,LI07,LI08,LI09,LI10,LI11,LI12,LI13,LI14,LI15,LR26	inherited caller stage; owner families are contextual, not evidence every duty is implemented/accepted
identity-test-doubles	identity	test-only-observed-call	LR26	LI01,LI02,LI03,LI04,LI05,LI06,LI07,LI08,LI09,LI10,LI11,LI12,LI13,LI14,LI15,LR26	inherited caller stage; owner families are contextual, not evidence every duty is implemented/accepted
interfaces-assets	interfaces	test-only-observed-call	LR09	LF01,LF02,LF05,LF09,LI05,LI06,LI07,LI08,LI09,LI14,LR05,LR08,LR09,LR10,LR11,LR12,LR24,LR25,LR26	inherited caller stage; owner families are contextual, not evidence every duty is implemented/accepted
interfaces-auth	interfaces	conditional-production	LI05,LI06,LI07	LF01,LF02,LF05,LF09,LI05,LI06,LI07,LI08,LI09,LI14,LR05,LR08,LR09,LR10,LR11,LR12,LR24,LR25,LR26	inherited caller stage; owner families are contextual, not evidence every duty is implemented/accepted
interfaces-contracts	interfaces	type-contract		LF01,LF02,LF05,LF09,LI05,LI06,LI07,LI08,LI09,LI14,LR05,LR08,LR09,LR10,LR11,LR12,LR24,LR25,LR26	inherited caller stage; owner families are contextual, not evidence every duty is implemented/accepted
interfaces-csv	interfaces	conditional-production	LR05	LF01,LF02,LF05,LF09,LI05,LI06,LI07,LI08,LI09,LI14,LR05,LR08,LR09,LR10,LR11,LR12,LR24,LR25,LR26	inherited caller stage; owner families are contextual, not evidence every duty is implemented/accepted
interfaces-distribution	interfaces	generated-staged		LF01,LF02,LF05,LF09,LI05,LI06,LI07,LI08,LI09,LI14,LR05,LR08,LR09,LR10,LR11,LR12,LR24,LR25,LR26	inherited caller stage; owner families are contextual, not evidence every duty is implemented/accepted
interfaces-docs	interfaces	production-observed-source		LF01,LF02,LF05,LF09,LI05,LI06,LI07,LI08,LI09,LI14,LR05,LR08,LR09,LR10,LR11,LR12,LR24,LR25,LR26	inherited caller stage; owner families are contextual, not evidence every duty is implemented/accepted
interfaces-errors	interfaces	production-observed-source		LF01,LF02,LF05,LF09,LI05,LI06,LI07,LI08,LI09,LI14,LR05,LR08,LR09,LR10,LR11,LR12,LR24,LR25,LR26	inherited caller stage; owner families are contextual, not evidence every duty is implemented/accepted
interfaces-export	interfaces	conditional-production	LR10	LF01,LF02,LF05,LF09,LI05,LI06,LI07,LI08,LI09,LI14,LR05,LR08,LR09,LR10,LR11,LR12,LR24,LR25,LR26	inherited caller stage; owner families are contextual, not evidence every duty is implemented/accepted
interfaces-file-kernel-binding	interfaces	test-only-observed-call	LF05,LF09	LF01,LF02,LF05,LF09,LI05,LI06,LI07,LI08,LI09,LI14,LR05,LR08,LR09,LR10,LR11,LR12,LR24,LR25,LR26	inherited caller stage; owner families are contextual, not evidence every duty is implemented/accepted
interfaces-form-rerender	interfaces	conditional-production		LF01,LF02,LF05,LF09,LI05,LI06,LI07,LI08,LI09,LI14,LR05,LR08,LR09,LR10,LR11,LR12,LR24,LR25,LR26	inherited caller stage; owner families are contextual, not evidence every duty is implemented/accepted
interfaces-http-limits	interfaces	production-observed-source	LR08	LF01,LF02,LF05,LF09,LI05,LI06,LI07,LI08,LI09,LI14,LR05,LR08,LR09,LR10,LR11,LR12,LR24,LR25,LR26	inherited caller stage; owner families are contextual, not evidence every duty is implemented/accepted
interfaces-http-operation	interfaces	production-observed-source	LR24	LF01,LF02,LF05,LF09,LI05,LI06,LI07,LI08,LI09,LI14,LR05,LR08,LR09,LR10,LR11,LR12,LR24,LR25,LR26	inherited caller stage; owner families are contextual, not evidence every duty is implemented/accepted
interfaces-ingress	interfaces	conditional-production	LR11	LF01,LF02,LF05,LF09,LI05,LI06,LI07,LI08,LI09,LI14,LR05,LR08,LR09,LR10,LR11,LR12,LR24,LR25,LR26	inherited caller stage; owner families are contextual, not evidence every duty is implemented/accepted
interfaces-input-derivation	interfaces	production-observed-source	LR24,LR25	LF01,LF02,LF05,LF09,LI05,LI06,LI07,LI08,LI09,LI14,LR05,LR08,LR09,LR10,LR11,LR12,LR24,LR25,LR26	inherited caller stage; owner families are contextual, not evidence every duty is implemented/accepted
interfaces-intake	interfaces	test-only-observed-call	LR11	LF01,LF02,LF05,LF09,LI05,LI06,LI07,LI08,LI09,LI14,LR05,LR08,LR09,LR10,LR11,LR12,LR24,LR25,LR26	inherited caller stage; owner families are contextual, not evidence every duty is implemented/accepted
interfaces-mcp	interfaces	production-observed-source	LR12,LR25	LF01,LF02,LF05,LF09,LI05,LI06,LI07,LI08,LI09,LI14,LR05,LR08,LR09,LR10,LR11,LR12,LR24,LR25,LR26	inherited caller stage; owner families are contextual, not evidence every duty is implemented/accepted
interfaces-oauth	interfaces	conditional-production	LI08,LI09	LF01,LF02,LF05,LF09,LI05,LI06,LI07,LI08,LI09,LI14,LR05,LR08,LR09,LR10,LR11,LR12,LR24,LR25,LR26	inherited caller stage; owner families are contextual, not evidence every duty is implemented/accepted
interfaces-pages	interfaces	conditional-production	LR10	LF01,LF02,LF05,LF09,LI05,LI06,LI07,LI08,LI09,LI14,LR05,LR08,LR09,LR10,LR11,LR12,LR24,LR25,LR26	inherited caller stage; owner families are contextual, not evidence every duty is implemented/accepted
interfaces-prepared-mcp	interfaces	test-only-observed-call	LR25	LF01,LF02,LF05,LF09,LI05,LI06,LI07,LI08,LI09,LI14,LR05,LR08,LR09,LR10,LR11,LR12,LR24,LR25,LR26	inherited caller stage; owner families are contextual, not evidence every duty is implemented/accepted
interfaces-print	interfaces	conditional-production	LR10	LF01,LF02,LF05,LF09,LI05,LI06,LI07,LI08,LI09,LI14,LR05,LR08,LR09,LR10,LR11,LR12,LR24,LR25,LR26	inherited caller stage; owner families are contextual, not evidence every duty is implemented/accepted
interfaces-projection	interfaces	test-only-observed-call		LF01,LF02,LF05,LF09,LI05,LI06,LI07,LI08,LI09,LI14,LR05,LR08,LR09,LR10,LR11,LR12,LR24,LR25,LR26	inherited caller stage; owner families are contextual, not evidence every duty is implemented/accepted
interfaces-public-surface	interfaces	production-observed-source		LF01,LF02,LF05,LF09,LI05,LI06,LI07,LI08,LI09,LI14,LR05,LR08,LR09,LR10,LR11,LR12,LR24,LR25,LR26	inherited caller stage; owner families are contextual, not evidence every duty is implemented/accepted
interfaces-router	interfaces	test-only-observed-call		LF01,LF02,LF05,LF09,LI05,LI06,LI07,LI08,LI09,LI14,LR05,LR08,LR09,LR10,LR11,LR12,LR24,LR25,LR26	inherited caller stage; owner families are contextual, not evidence every duty is implemented/accepted
interfaces-test-doubles	interfaces	test-only-observed-call	LR26	LF01,LF02,LF05,LF09,LI05,LI06,LI07,LI08,LI09,LI14,LR05,LR08,LR09,LR10,LR11,LR12,LR24,LR25,LR26	inherited caller stage; owner families are contextual, not evidence every duty is implemented/accepted
interfaces-uploads	interfaces	conditional-production	LF01,LF02,LF09,LI07,LI14	LF01,LF02,LF05,LF09,LI05,LI06,LI07,LI08,LI09,LI14,LR05,LR08,LR09,LR10,LR11,LR12,LR24,LR25,LR26	inherited caller stage; owner families are contextual, not evidence every duty is implemented/accepted
interfaces-version-check	interfaces	test-only-observed-call		LF01,LF02,LF05,LF09,LI05,LI06,LI07,LI08,LI09,LI14,LR05,LR08,LR09,LR10,LR11,LR12,LR24,LR25,LR26	inherited caller stage; owner families are contextual, not evidence every duty is implemented/accepted
services-catalog	services	public-api-no-observed-in-repo-call	SV12	SV01,SV02,SV03,SV04,SV05,SV06,SV07,SV08,SV09,SV10,SV11,SV12	inherited caller stage; owner families are contextual, not evidence every duty is implemented/accepted
services-distribution	services	generated-staged		SV01,SV02,SV03,SV04,SV05,SV06,SV07,SV08,SV09,SV10,SV11,SV12	inherited caller stage; owner families are contextual, not evidence every duty is implemented/accepted
services-harness	services	test-only-observed-call	SV04,SV05,SV06,SV07,SV08,SV09,SV11,SV12	SV01,SV02,SV03,SV04,SV05,SV06,SV07,SV08,SV09,SV10,SV11,SV12	inherited caller stage; owner families are contextual, not evidence every duty is implemented/accepted
services-http	services	conditional-production	SV01,SV02,SV03	SV01,SV02,SV03,SV04,SV05,SV06,SV07,SV08,SV09,SV10,SV11,SV12	inherited caller stage; owner families are contextual, not evidence every duty is implemented/accepted
services-judgments	services	test-only-observed-call	SV05	SV01,SV02,SV03,SV04,SV05,SV06,SV07,SV08,SV09,SV10,SV11,SV12	inherited caller stage; owner families are contextual, not evidence every duty is implemented/accepted
services-mail	services	test-only-observed-call	SV04	SV01,SV02,SV03,SV04,SV05,SV06,SV07,SV08,SV09,SV10,SV11,SV12	inherited caller stage; owner families are contextual, not evidence every duty is implemented/accepted
services-media	services	test-only-observed-call	SV08,SV09	SV01,SV02,SV03,SV04,SV05,SV06,SV07,SV08,SV09,SV10,SV11,SV12	inherited caller stage; owner families are contextual, not evidence every duty is implemented/accepted
services-model	services	test-only-observed-call	SV06,SV07	SV01,SV02,SV03,SV04,SV05,SV06,SV07,SV08,SV09,SV10,SV11,SV12	inherited caller stage; owner families are contextual, not evidence every duty is implemented/accepted
services-pagination	services	test-only-observed-call	SV10	SV01,SV02,SV03,SV04,SV05,SV06,SV07,SV08,SV09,SV10,SV11,SV12	inherited caller stage; owner families are contextual, not evidence every duty is implemented/accepted
services-port-contract	services	conditional-production	SV04,SV05,SV06,SV07,SV08,SV09,SV11,SV12	SV01,SV02,SV03,SV04,SV05,SV06,SV07,SV08,SV09,SV10,SV11,SV12	inherited caller stage; owner families are contextual, not evidence every duty is implemented/accepted
services-port-test-defaults	services	test-only-observed-call	SV04,SV05,SV06,SV07,SV08,SV09,SV11,SV12	SV01,SV02,SV03,SV04,SV05,SV06,SV07,SV08,SV09,SV10,SV11,SV12	inherited caller stage; owner families are contextual, not evidence every duty is implemented/accepted
services-public-surface	services	public-api-no-observed-in-repo-call	SV12	SV01,SV02,SV03,SV04,SV05,SV06,SV07,SV08,SV09,SV10,SV11,SV12	inherited caller stage; owner families are contextual, not evidence every duty is implemented/accepted
services-scenarios	services	test-only-observed-call	SV11	SV01,SV02,SV03,SV04,SV05,SV06,SV07,SV08,SV09,SV10,SV11,SV12	inherited caller stage; owner families are contextual, not evidence every duty is implemented/accepted
S-DO	state	test-only-observed-call	LSW-01	LR25,LR26,LSW-01,LSW-02,LSW-03,LSW-04,LSW-05,LSW-06,LSW-13,LSW-14,LSW-15,LSW-16,LSW-17,LSW-18,LSW-19,LSW-20,LSW-22	inherited caller stage; owner families are contextual, not evidence every duty is implemented/accepted
S-authority	state	production-observed-source		LR25,LR26,LSW-01,LSW-02,LSW-03,LSW-04,LSW-05,LSW-06,LSW-13,LSW-14,LSW-15,LSW-16,LSW-17,LSW-18,LSW-19,LSW-20,LSW-22	inherited caller stage; owner families are contextual, not evidence every duty is implemented/accepted
S-child-join	state	test-only-observed-call	LSW-01,LSW-05,LSW-06,LSW-17	LR25,LR26,LSW-01,LSW-02,LSW-03,LSW-04,LSW-05,LSW-06,LSW-13,LSW-14,LSW-15,LSW-16,LSW-17,LSW-18,LSW-19,LSW-20,LSW-22	inherited caller stage; owner families are contextual, not evidence every duty is implemented/accepted
S-d1-core	state	production-observed-source	LSW-01,LSW-22	LR25,LR26,LSW-01,LSW-02,LSW-03,LSW-04,LSW-05,LSW-06,LSW-13,LSW-14,LSW-15,LSW-16,LSW-17,LSW-18,LSW-19,LSW-20,LSW-22	inherited caller stage; owner families are contextual, not evidence every duty is implemented/accepted
S-d1-work	state	conditional-production	LSW-01	LR25,LR26,LSW-01,LSW-02,LSW-03,LSW-04,LSW-05,LSW-06,LSW-13,LSW-14,LSW-15,LSW-16,LSW-17,LSW-18,LSW-19,LSW-20,LSW-22	inherited caller stage; owner families are contextual, not evidence every duty is implemented/accepted
S-descriptors	state	production-observed-source	LR25	LR25,LR26,LSW-01,LSW-02,LSW-03,LSW-04,LSW-05,LSW-06,LSW-13,LSW-14,LSW-15,LSW-16,LSW-17,LSW-18,LSW-19,LSW-20,LSW-22	inherited caller stage; owner families are contextual, not evidence every duty is implemented/accepted
S-dispatch-join	state	conditional-production	LSW-01,LSW-05,LSW-06,LSW-17	LR25,LR26,LSW-01,LSW-02,LSW-03,LSW-04,LSW-05,LSW-06,LSW-13,LSW-14,LSW-15,LSW-16,LSW-17,LSW-18,LSW-19,LSW-20,LSW-22	inherited caller stage; owner families are contextual, not evidence every duty is implemented/accepted
S-effects	state	production-observed-source	LSW-02,LSW-06	LR25,LR26,LSW-01,LSW-02,LSW-03,LSW-04,LSW-05,LSW-06,LSW-13,LSW-14,LSW-15,LSW-16,LSW-17,LSW-18,LSW-19,LSW-20,LSW-22	inherited caller stage; owner families are contextual, not evidence every duty is implemented/accepted
S-fanout-freeze	state	conditional-production	LSW-15,LSW-22	LR25,LR26,LSW-01,LSW-02,LSW-03,LSW-04,LSW-05,LSW-06,LSW-13,LSW-14,LSW-15,LSW-16,LSW-17,LSW-18,LSW-19,LSW-20,LSW-22	inherited caller stage; owner families are contextual, not evidence every duty is implemented/accepted
S-fanout-lifecycle	state	conditional-production	LSW-03,LSW-04,LSW-16,LSW-17	LR25,LR26,LSW-01,LSW-02,LSW-03,LSW-04,LSW-05,LSW-06,LSW-13,LSW-14,LSW-15,LSW-16,LSW-17,LSW-18,LSW-19,LSW-20,LSW-22	inherited caller stage; owner families are contextual, not evidence every duty is implemented/accepted
S-fanout-progress	state	conditional-production	LSW-19	LR25,LR26,LSW-01,LSW-02,LSW-03,LSW-04,LSW-05,LSW-06,LSW-13,LSW-14,LSW-15,LSW-16,LSW-17,LSW-18,LSW-19,LSW-20,LSW-22	inherited caller stage; owner families are contextual, not evidence every duty is implemented/accepted
S-fanout-shape	state	conditional-production	LSW-15,LSW-18	LR25,LR26,LSW-01,LSW-02,LSW-03,LSW-04,LSW-05,LSW-06,LSW-13,LSW-14,LSW-15,LSW-16,LSW-17,LSW-18,LSW-19,LSW-20,LSW-22	inherited caller stage; owner families are contextual, not evidence every duty is implemented/accepted
S-fence	state	production-observed-source	LSW-02,LSW-03,LSW-04,LSW-16,LSW-17	LR25,LR26,LSW-01,LSW-02,LSW-03,LSW-04,LSW-05,LSW-06,LSW-13,LSW-14,LSW-15,LSW-16,LSW-17,LSW-18,LSW-19,LSW-20,LSW-22	inherited caller stage; owner families are contextual, not evidence every duty is implemented/accepted
S-invoke	state	production-observed-source	LSW-03,LSW-04,LSW-16,LSW-17	LR25,LR26,LSW-01,LSW-02,LSW-03,LSW-04,LSW-05,LSW-06,LSW-13,LSW-14,LSW-15,LSW-16,LSW-17,LSW-18,LSW-19,LSW-20,LSW-22	inherited caller stage; owner families are contextual, not evidence every duty is implemented/accepted
S-memory	state	test-only-observed-call	LSW-01	LR25,LR26,LSW-01,LSW-02,LSW-03,LSW-04,LSW-05,LSW-06,LSW-13,LSW-14,LSW-15,LSW-16,LSW-17,LSW-18,LSW-19,LSW-20,LSW-22	inherited caller stage; owner families are contextual, not evidence every duty is implemented/accepted
S-migration-failure	state	test-only-observed-call	LSW-20	LR25,LR26,LSW-01,LSW-02,LSW-03,LSW-04,LSW-05,LSW-06,LSW-13,LSW-14,LSW-15,LSW-16,LSW-17,LSW-18,LSW-19,LSW-20,LSW-22	inherited caller stage; owner families are contextual, not evidence every duty is implemented/accepted
S-migration-lifecycle	state	test-only-observed-call	LSW-20	LR25,LR26,LSW-01,LSW-02,LSW-03,LSW-04,LSW-05,LSW-06,LSW-13,LSW-14,LSW-15,LSW-16,LSW-17,LSW-18,LSW-19,LSW-20,LSW-22	inherited caller stage; owner families are contextual, not evidence every duty is implemented/accepted
S-migration-plan	state	test-only-observed-call	LSW-20	LR25,LR26,LSW-01,LSW-02,LSW-03,LSW-04,LSW-05,LSW-06,LSW-13,LSW-14,LSW-15,LSW-16,LSW-17,LSW-18,LSW-19,LSW-20,LSW-22	inherited caller stage; owner families are contextual, not evidence every duty is implemented/accepted
S-migration-stage	state	test-only-observed-call	LSW-20	LR25,LR26,LSW-01,LSW-02,LSW-03,LSW-04,LSW-05,LSW-06,LSW-13,LSW-14,LSW-15,LSW-16,LSW-17,LSW-18,LSW-19,LSW-20,LSW-22	inherited caller stage; owner families are contextual, not evidence every duty is implemented/accepted
S-migration-validation	state	test-only-observed-call		LR25,LR26,LSW-01,LSW-02,LSW-03,LSW-04,LSW-05,LSW-06,LSW-13,LSW-14,LSW-15,LSW-16,LSW-17,LSW-18,LSW-19,LSW-20,LSW-22	inherited caller stage; owner families are contextual, not evidence every duty is implemented/accepted
S-models-crud	state	production-observed-source		LR25,LR26,LSW-01,LSW-02,LSW-03,LSW-04,LSW-05,LSW-06,LSW-13,LSW-14,LSW-15,LSW-16,LSW-17,LSW-18,LSW-19,LSW-20,LSW-22	inherited caller stage; owner families are contextual, not evidence every duty is implemented/accepted
S-pipeline	state	production-observed-source	LSW-02	LR25,LR26,LSW-01,LSW-02,LSW-03,LSW-04,LSW-05,LSW-06,LSW-13,LSW-14,LSW-15,LSW-16,LSW-17,LSW-18,LSW-19,LSW-20,LSW-22	inherited caller stage; owner families are contextual, not evidence every duty is implemented/accepted
S-public-DO-test-worker	state	test-only-observed-call		LR25,LR26,LSW-01,LSW-02,LSW-03,LSW-04,LSW-05,LSW-06,LSW-13,LSW-14,LSW-15,LSW-16,LSW-17,LSW-18,LSW-19,LSW-20,LSW-22	inherited caller stage; owner families are contextual, not evidence every duty is implemented/accepted
S-public-T18-fixture	state	generated-staged		LR25,LR26,LSW-01,LSW-02,LSW-03,LSW-04,LSW-05,LSW-06,LSW-13,LSW-14,LSW-15,LSW-16,LSW-17,LSW-18,LSW-19,LSW-20,LSW-22	inherited caller stage; owner families are contextual, not evidence every duty is implemented/accepted
S-public-fanout-support	state	test-only-observed-call		LR25,LR26,LSW-01,LSW-02,LSW-03,LSW-04,LSW-05,LSW-06,LSW-13,LSW-14,LSW-15,LSW-16,LSW-17,LSW-18,LSW-19,LSW-20,LSW-22	inherited caller stage; owner families are contextual, not evidence every duty is implemented/accepted
S-public-invocation-fixtures	state	test-only-observed-call	LR26	LR25,LR26,LSW-01,LSW-02,LSW-03,LSW-04,LSW-05,LSW-06,LSW-13,LSW-14,LSW-15,LSW-16,LSW-17,LSW-18,LSW-19,LSW-20,LSW-22	inherited caller stage; owner families are contextual, not evidence every duty is implemented/accepted
S-public-mutation-fixtures	state	test-only-observed-call	LR26	LR25,LR26,LSW-01,LSW-02,LSW-03,LSW-04,LSW-05,LSW-06,LSW-13,LSW-14,LSW-15,LSW-16,LSW-17,LSW-18,LSW-19,LSW-20,LSW-22	inherited caller stage; owner families are contextual, not evidence every duty is implemented/accepted
S-public-query-fixtures	state	test-only-observed-call		LR25,LR26,LSW-01,LSW-02,LSW-03,LSW-04,LSW-05,LSW-06,LSW-13,LSW-14,LSW-15,LSW-16,LSW-17,LSW-18,LSW-19,LSW-20,LSW-22	inherited caller stage; owner families are contextual, not evidence every duty is implemented/accepted
S-query-other	state	test-only-observed-call	LSW-04,LSW-22	LR25,LR26,LSW-01,LSW-02,LSW-03,LSW-04,LSW-05,LSW-06,LSW-13,LSW-14,LSW-15,LSW-16,LSW-17,LSW-18,LSW-19,LSW-20,LSW-22	inherited caller stage; owner families are contextual, not evidence every duty is implemented/accepted
S-query-records	state	production-observed-source	LSW-04,LSW-22	LR25,LR26,LSW-01,LSW-02,LSW-03,LSW-04,LSW-05,LSW-06,LSW-13,LSW-14,LSW-15,LSW-16,LSW-17,LSW-18,LSW-19,LSW-20,LSW-22	inherited caller stage; owner families are contextual, not evidence every duty is implemented/accepted
S-read-invoke	state	production-observed-source	LSW-01,LSW-03,LSW-04,LSW-05,LSW-06,LSW-17	LR25,LR26,LSW-01,LSW-02,LSW-03,LSW-04,LSW-05,LSW-06,LSW-13,LSW-14,LSW-15,LSW-16,LSW-17,LSW-18,LSW-19,LSW-20,LSW-22	inherited caller stage; owner families are contextual, not evidence every duty is implemented/accepted
S-receipt-probe	state	production-observed-source	LSW-14,LSW-22	LR25,LR26,LSW-01,LSW-02,LSW-03,LSW-04,LSW-05,LSW-06,LSW-13,LSW-14,LSW-15,LSW-16,LSW-17,LSW-18,LSW-19,LSW-20,LSW-22	inherited caller stage; owner families are contextual, not evidence every duty is implemented/accepted
S-receipt-read	state	conditional-production	LSW-13,LSW-14	LR25,LR26,LSW-01,LSW-02,LSW-03,LSW-04,LSW-05,LSW-06,LSW-13,LSW-14,LSW-15,LSW-16,LSW-17,LSW-18,LSW-19,LSW-20,LSW-22	inherited caller stage; owner families are contextual, not evidence every duty is implemented/accepted
S-receipt-write	state	test-only-observed-call	LSW-13	LR25,LR26,LSW-01,LSW-02,LSW-03,LSW-04,LSW-05,LSW-06,LSW-13,LSW-14,LSW-15,LSW-16,LSW-17,LSW-18,LSW-19,LSW-20,LSW-22	inherited caller stage; owner families are contextual, not evidence every duty is implemented/accepted
S-storage-contract	state	production-observed-source		LR25,LR26,LSW-01,LSW-02,LSW-03,LSW-04,LSW-05,LSW-06,LSW-13,LSW-14,LSW-15,LSW-16,LSW-17,LSW-18,LSW-19,LSW-20,LSW-22	inherited caller stage; owner families are contextual, not evidence every duty is implemented/accepted
S-storage-migration	state	test-only-observed-call	LSW-01	LR25,LR26,LSW-01,LSW-02,LSW-03,LSW-04,LSW-05,LSW-06,LSW-13,LSW-14,LSW-15,LSW-16,LSW-17,LSW-18,LSW-19,LSW-20,LSW-22	inherited caller stage; owner families are contextual, not evidence every duty is implemented/accepted
S-surface	state	type-contract		LR25,LR26,LSW-01,LSW-02,LSW-03,LSW-04,LSW-05,LSW-06,LSW-13,LSW-14,LSW-15,LSW-16,LSW-17,LSW-18,LSW-19,LSW-20,LSW-22	inherited caller stage; owner families are contextual, not evidence every duty is implemented/accepted
S-system	state	conditional-production	LSW-05	LR25,LR26,LSW-01,LSW-02,LSW-03,LSW-04,LSW-05,LSW-06,LSW-13,LSW-14,LSW-15,LSW-16,LSW-17,LSW-18,LSW-19,LSW-20,LSW-22	inherited caller stage; owner families are contextual, not evidence every duty is implemented/accepted
S-transact-wrappers	state	test-only-observed-call	LSW-01,LSW-05,LSW-06,LSW-17	LR25,LR26,LSW-01,LSW-02,LSW-03,LSW-04,LSW-05,LSW-06,LSW-13,LSW-14,LSW-15,LSW-16,LSW-17,LSW-18,LSW-19,LSW-20,LSW-22	inherited caller stage; owner families are contextual, not evidence every duty is implemented/accepted
stdlib-distribution	stdlib	production-observed-source		LR20	inherited caller stage; owner families are contextual, not evidence every duty is implemented/accepted
stdlib-export-assembly	stdlib	conditional-production	LR20	LR20	inherited caller stage; owner families are contextual, not evidence every duty is implemented/accepted
stdlib-packaging	stdlib	production-observed-source		LR20	inherited caller stage; owner families are contextual, not evidence every duty is implemented/accepted
testkit-conformance-observers	testkit	test-only-observed-call		LR21,LR22,LR26	inherited caller stage; owner families are contextual, not evidence every duty is implemented/accepted
testkit-fixtures	testkit	test-only-observed-call	LR22,LR26	LR21,LR22,LR26	inherited caller stage; owner families are contextual, not evidence every duty is implemented/accepted
testkit-journey-fixtures	testkit	test-only-observed-call		LR21,LR22,LR26	inherited caller stage; owner families are contextual, not evidence every duty is implemented/accepted
testkit-loader-smoke	testkit	test-only-observed-call		LR21,LR22,LR26	inherited caller stage; owner families are contextual, not evidence every duty is implemented/accepted
testkit-local-scope	testkit	test-only-observed-call	LR21	LR21,LR22,LR26	inherited caller stage; owner families are contextual, not evidence every duty is implemented/accepted
testkit-playback	testkit	test-only-observed-call	LR26	LR21,LR22,LR26	inherited caller stage; owner families are contextual, not evidence every duty is implemented/accepted
testkit-public-surface	testkit	test-only-observed-call		LR21,LR22,LR26	inherited caller stage; owner families are contextual, not evidence every duty is implemented/accepted
testkit-report	testkit	test-only-observed-call		LR21,LR22,LR26	inherited caller stage; owner families are contextual, not evidence every duty is implemented/accepted
testkit-runner	testkit	test-only-observed-call	LR21,LR22,LR26	LR21,LR22,LR26	inherited caller stage; owner families are contextual, not evidence every duty is implemented/accepted
ui-browser-bootstrap	ui	generated-staged	LR01,LR02,LR03	LR01,LR02,LR03,LR04,LR05,LR06,LR07,LR24	inherited caller stage; owner families are contextual, not evidence every duty is implemented/accepted
ui-browser-styles	ui	generated-staged		LR01,LR02,LR03,LR04,LR05,LR06,LR07,LR24	inherited caller stage; owner families are contextual, not evidence every duty is implemented/accepted
ui-build-assets	ui	generated-staged		LR01,LR02,LR03,LR04,LR05,LR06,LR07,LR24	inherited caller stage; owner families are contextual, not evidence every duty is implemented/accepted
ui-catalog	ui	conditional-production		LR01,LR02,LR03,LR04,LR05,LR06,LR07,LR24	inherited caller stage; owner families are contextual, not evidence every duty is implemented/accepted
ui-collections	ui	conditional-production		LR01,LR02,LR03,LR04,LR05,LR06,LR07,LR24	inherited caller stage; owner families are contextual, not evidence every duty is implemented/accepted
ui-component-renderers	ui	conditional-production		LR01,LR02,LR03,LR04,LR05,LR06,LR07,LR24	inherited caller stage; owner families are contextual, not evidence every duty is implemented/accepted
ui-csv-client	ui	test-only-observed-call	LR05	LR01,LR02,LR03,LR04,LR05,LR06,LR07,LR24	inherited caller stage; owner families are contextual, not evidence every duty is implemented/accepted
ui-csv-grammar	ui	conditional-production		LR01,LR02,LR03,LR04,LR05,LR06,LR07,LR24	inherited caller stage; owner families are contextual, not evidence every duty is implemented/accepted
ui-distribution	ui	generated-staged		LR01,LR02,LR03,LR04,LR05,LR06,LR07,LR24	inherited caller stage; owner families are contextual, not evidence every duty is implemented/accepted
ui-error-client	ui	test-only-observed-call	LR07	LR01,LR02,LR03,LR04,LR05,LR06,LR07,LR24	inherited caller stage; owner families are contextual, not evidence every duty is implemented/accepted
ui-escaping	ui	conditional-production		LR01,LR02,LR03,LR04,LR05,LR06,LR07,LR24	inherited caller stage; owner families are contextual, not evidence every duty is implemented/accepted
ui-export-client	ui	test-only-observed-call	LR06	LR01,LR02,LR03,LR04,LR05,LR06,LR07,LR24	inherited caller stage; owner families are contextual, not evidence every duty is implemented/accepted
ui-form-client	ui	test-only-observed-call	LR01,LR04	LR01,LR02,LR03,LR04,LR05,LR06,LR07,LR24	inherited caller stage; owner families are contextual, not evidence every duty is implemented/accepted
ui-forms-projection	ui	conditional-production	LR24	LR01,LR02,LR03,LR04,LR05,LR06,LR07,LR24	inherited caller stage; owner families are contextual, not evidence every duty is implemented/accepted
ui-forms-render	ui	conditional-production	LR24	LR01,LR02,LR03,LR04,LR05,LR06,LR07,LR24	inherited caller stage; owner families are contextual, not evidence every duty is implemented/accepted
ui-htmx	ui	conditional-production		LR01,LR02,LR03,LR04,LR05,LR06,LR07,LR24	inherited caller stage; owner families are contextual, not evidence every duty is implemented/accepted
ui-message	ui	conditional-production		LR01,LR02,LR03,LR04,LR05,LR06,LR07,LR24	inherited caller stage; owner families are contextual, not evidence every duty is implemented/accepted
ui-policy-review	ui	conditional-production		LR01,LR02,LR03,LR04,LR05,LR06,LR07,LR24	inherited caller stage; owner families are contextual, not evidence every duty is implemented/accepted
ui-print-client	ui	test-only-observed-call	LR07	LR01,LR02,LR03,LR04,LR05,LR06,LR07,LR24	inherited caller stage; owner families are contextual, not evidence every duty is implemented/accepted
ui-public-surface	ui	conditional-production		LR01,LR02,LR03,LR04,LR05,LR06,LR07,LR24	inherited caller stage; owner families are contextual, not evidence every duty is implemented/accepted
ui-settings	ui	test-only-observed-call		LR01,LR02,LR03,LR04,LR05,LR06,LR07,LR24	inherited caller stage; owner families are contextual, not evidence every duty is implemented/accepted
ui-shell	ui	conditional-production	LR24	LR01,LR02,LR03,LR04,LR05,LR06,LR07,LR24	inherited caller stage; owner families are contextual, not evidence every duty is implemented/accepted
values-array-aggregates	values	production-observed-source		LR15,LR16,LR17,LR18,LR19,LR20,LR27	inherited caller stage; owner families are contextual, not evidence every duty is implemented/accepted
values-array-predicates	values	public-api-no-observed-in-repo-call		LR15,LR16,LR17,LR18,LR19,LR20,LR27	inherited caller stage; owner families are contextual, not evidence every duty is implemented/accepted
values-array-shape	values	public-api-no-observed-in-repo-call		LR15,LR16,LR17,LR18,LR19,LR20,LR27	inherited caller stage; owner families are contextual, not evidence every duty is implemented/accepted
values-backend-ts	values	test-only-observed-call	LR15	LR15,LR16,LR17,LR18,LR19,LR20,LR27	inherited caller stage; owner families are contextual, not evidence every duty is implemented/accepted
values-backend-wasm	values	conditional-production	LR15	LR15,LR16,LR17,LR18,LR19,LR20,LR27	inherited caller stage; owner families are contextual, not evidence every duty is implemented/accepted
values-bootstrap	values	conditional-production	LR18	LR15,LR16,LR17,LR18,LR19,LR20,LR27	inherited caller stage; owner families are contextual, not evidence every duty is implemented/accepted
values-catalog	values	production-observed-source		LR15,LR16,LR17,LR18,LR19,LR20,LR27	inherited caller stage; owner families are contextual, not evidence every duty is implemented/accepted
values-currency-generation	values	generated-staged		LR15,LR16,LR17,LR18,LR19,LR20,LR27	inherited caller stage; owner families are contextual, not evidence every duty is implemented/accepted
values-decimal-arithmetic	values	production-observed-source	LR27	LR15,LR16,LR17,LR18,LR19,LR20,LR27	inherited caller stage; owner families are contextual, not evidence every duty is implemented/accepted
values-decimal-representation	values	production-observed-source	LR27	LR15,LR16,LR17,LR18,LR19,LR20,LR27	inherited caller stage; owner families are contextual, not evidence every duty is implemented/accepted
values-distribution	values	production-observed-source		LR15,LR16,LR17,LR18,LR19,LR20,LR27	inherited caller stage; owner families are contextual, not evidence every duty is implemented/accepted
values-equality	values	production-observed-source	LR20	LR15,LR16,LR17,LR18,LR19,LR20,LR27	inherited caller stage; owner families are contextual, not evidence every duty is implemented/accepted
values-errors	values	production-observed-source		LR15,LR16,LR17,LR18,LR19,LR20,LR27	inherited caller stage; owner families are contextual, not evidence every duty is implemented/accepted
values-export-assembly	values	production-observed-source		LR15,LR16,LR17,LR18,LR19,LR20,LR27	inherited caller stage; owner families are contextual, not evidence every duty is implemented/accepted
values-generated-binding	values	generated-staged	LR18	LR15,LR16,LR17,LR18,LR19,LR20,LR27	inherited caller stage; owner families are contextual, not evidence every duty is implemented/accepted
values-icu-descriptors	values	production-observed-source	LR27	LR15,LR16,LR17,LR18,LR19,LR20,LR27	inherited caller stage; owner families are contextual, not evidence every duty is implemented/accepted
values-icu-render	values	production-observed-source	LR27	LR15,LR16,LR17,LR18,LR19,LR20,LR27	inherited caller stage; owner families are contextual, not evidence every duty is implemented/accepted
values-int	values	production-observed-source		LR15,LR16,LR17,LR18,LR19,LR20,LR27	inherited caller stage; owner families are contextual, not evidence every duty is implemented/accepted
values-kind-references	values	production-observed-source		LR15,LR16,LR17,LR18,LR19,LR20,LR27	inherited caller stage; owner families are contextual, not evidence every duty is implemented/accepted
values-kind-scalars	values	production-observed-source		LR15,LR16,LR17,LR18,LR19,LR20,LR27	inherited caller stage; owner families are contextual, not evidence every duty is implemented/accepted
values-locale	values	production-observed-source		LR15,LR16,LR17,LR18,LR19,LR20,LR27	inherited caller stage; owner families are contextual, not evidence every duty is implemented/accepted
values-money	values	production-observed-source		LR15,LR16,LR17,LR18,LR19,LR20,LR27	inherited caller stage; owner families are contextual, not evidence every duty is implemented/accepted
values-native-plan-handles	values	test-only-observed-call	LR17	LR15,LR16,LR17,LR18,LR19,LR20,LR27	inherited caller stage; owner families are contextual, not evidence every duty is implemented/accepted
values-owned-input	values	test-only-observed-call	LR15	LR15,LR16,LR17,LR18,LR19,LR20,LR27	inherited caller stage; owner families are contextual, not evidence every duty is implemented/accepted
values-packaging	values	production-observed-source		LR15,LR16,LR17,LR18,LR19,LR20,LR27	inherited caller stage; owner families are contextual, not evidence every duty is implemented/accepted
values-prepared-codec	values	test-only-observed-call		LR15,LR16,LR17,LR18,LR19,LR20,LR27	inherited caller stage; owner families are contextual, not evidence every duty is implemented/accepted
values-prepared-plan	values	prototype-unadopted	LR16	LR15,LR16,LR17,LR18,LR19,LR20,LR27	inherited caller stage; owner families are contextual, not evidence every duty is implemented/accepted
values-prepared-trace	values	test-only-observed-call	LR16,LR20	LR15,LR16,LR17,LR18,LR19,LR20,LR27	inherited caller stage; owner families are contextual, not evidence every duty is implemented/accepted
values-prepared-validation	values	test-only-observed-call	LR16,LR20	LR15,LR16,LR17,LR18,LR19,LR20,LR27	inherited caller stage; owner families are contextual, not evidence every duty is implemented/accepted
values-rust-abi	values	conditional-production	LR15,LR17	LR15,LR16,LR17,LR18,LR19,LR20,LR27	inherited caller stage; owner families are contextual, not evidence every duty is implemented/accepted
values-rust-aggregates	values	conditional-production		LR15,LR16,LR17,LR18,LR19,LR20,LR27	inherited caller stage; owner families are contextual, not evidence every duty is implemented/accepted
values-rust-arena	values	prototype-unadopted		LR15,LR16,LR17,LR18,LR19,LR20,LR27	inherited caller stage; owner families are contextual, not evidence every duty is implemented/accepted
values-rust-codecs	values	conditional-production		LR15,LR16,LR17,LR18,LR19,LR20,LR27	inherited caller stage; owner families are contextual, not evidence every duty is implemented/accepted
values-rust-failures	values	conditional-production		LR15,LR16,LR17,LR18,LR19,LR20,LR27	inherited caller stage; owner families are contextual, not evidence every duty is implemented/accepted
values-rust-numeric	values	conditional-production		LR15,LR16,LR17,LR18,LR19,LR20,LR27	inherited caller stage; owner families are contextual, not evidence every duty is implemented/accepted
values-rust-plans	values	prototype-unadopted	LR17	LR15,LR16,LR17,LR18,LR19,LR20,LR27	inherited caller stage; owner families are contextual, not evidence every duty is implemented/accepted
values-rust-profile	values	prototype-unadopted	LR17	LR15,LR16,LR17,LR18,LR19,LR20,LR27	inherited caller stage; owner families are contextual, not evidence every duty is implemented/accepted
values-rust-representations	values	conditional-production		LR15,LR16,LR17,LR18,LR19,LR20,LR27	inherited caller stage; owner families are contextual, not evidence every duty is implemented/accepted
values-rust-temporal	values	conditional-production		LR15,LR16,LR17,LR18,LR19,LR20,LR27	inherited caller stage; owner families are contextual, not evidence every duty is implemented/accepted
values-rust-transport	values	conditional-production		LR15,LR16,LR17,LR18,LR19,LR20,LR27	inherited caller stage; owner families are contextual, not evidence every duty is implemented/accepted
values-schema-facade	values	test-only-observed-call		LR15,LR16,LR17,LR18,LR19,LR20,LR27	inherited caller stage; owner families are contextual, not evidence every duty is implemented/accepted
values-schema-normalization	values	test-only-observed-call	LR20	LR15,LR16,LR17,LR18,LR19,LR20,LR27	inherited caller stage; owner families are contextual, not evidence every duty is implemented/accepted
values-schema-operation	values	test-only-observed-call	LR20	LR15,LR16,LR17,LR18,LR19,LR20,LR27	inherited caller stage; owner families are contextual, not evidence every duty is implemented/accepted
values-schema-validation	values	test-only-observed-call	LR20	LR15,LR16,LR17,LR18,LR19,LR20,LR27	inherited caller stage; owner families are contextual, not evidence every duty is implemented/accepted
values-semantic-build	values	conditional-production		LR15,LR16,LR17,LR18,LR19,LR20,LR27	inherited caller stage; owner families are contextual, not evidence every duty is implemented/accepted
values-semantic-staging	values	production-observed-source		LR15,LR16,LR17,LR18,LR19,LR20,LR27	inherited caller stage; owner families are contextual, not evidence every duty is implemented/accepted
values-stdlib-dispatch	values	conditional-production		LR15,LR16,LR17,LR18,LR19,LR20,LR27	inherited caller stage; owner families are contextual, not evidence every duty is implemented/accepted
values-structural-host	values	test-only-observed-call		LR15,LR16,LR17,LR18,LR19,LR20,LR27	inherited caller stage; owner families are contextual, not evidence every duty is implemented/accepted
values-temporal-civil	values	production-observed-source		LR15,LR16,LR17,LR18,LR19,LR20,LR27	inherited caller stage; owner families are contextual, not evidence every duty is implemented/accepted
values-temporal-duration	values	production-observed-source		LR15,LR16,LR17,LR18,LR19,LR20,LR27	inherited caller stage; owner families are contextual, not evidence every duty is implemented/accepted
values-text	values	production-observed-source		LR15,LR16,LR17,LR18,LR19,LR20,LR27	inherited caller stage; owner families are contextual, not evidence every duty is implemented/accepted
values-timezone	values	production-observed-source	LR19	LR15,LR16,LR17,LR18,LR19,LR20,LR27	inherited caller stage; owner families are contextual, not evidence every duty is implemented/accepted
values-types	values	production-observed-source	LR27	LR15,LR16,LR17,LR18,LR19,LR20,LR27	inherited caller stage; owner families are contextual, not evidence every duty is implemented/accepted
values-url-action-invocation	values	public-api-no-observed-in-repo-call		LR15,LR16,LR17,LR18,LR19,LR20,LR27	inherited caller stage; owner families are contextual, not evidence every duty is implemented/accepted
values-wire-decode	values	production-observed-source	LR20	LR15,LR16,LR17,LR18,LR19,LR20,LR27	inherited caller stage; owner families are contextual, not evidence every duty is implemented/accepted
values-wire-encode	values	production-observed-source	LR20	LR15,LR16,LR17,LR18,LR19,LR20,LR27	inherited caller stage; owner families are contextual, not evidence every duty is implemented/accepted
values-wire-facade	values	production-observed-source		LR15,LR16,LR17,LR18,LR19,LR20,LR27	inherited caller stage; owner families are contextual, not evidence every duty is implemented/accepted
W-dispatch	work	conditional-production	LSW-07	LSW-05,LSW-06,LSW-07,LSW-08,LSW-09,LSW-10,LSW-11,LSW-12,LSW-13,LSW-14,LSW-22	inherited caller stage; owner families are contextual, not evidence every duty is implemented/accepted
W-dispatch-commands	work	conditional-production	LSW-05,LSW-06,LSW-07,LSW-09,LSW-10,LSW-11,LSW-12	LSW-05,LSW-06,LSW-07,LSW-08,LSW-09,LSW-10,LSW-11,LSW-12,LSW-13,LSW-14,LSW-22	inherited caller stage; owner families are contextual, not evidence every duty is implemented/accepted
W-event	work	test-only-observed-call	LSW-09	LSW-05,LSW-06,LSW-07,LSW-08,LSW-09,LSW-10,LSW-11,LSW-12,LSW-13,LSW-14,LSW-22	inherited caller stage; owner families are contextual, not evidence every duty is implemented/accepted
W-every	work	test-only-observed-call	LSW-11	LSW-05,LSW-06,LSW-07,LSW-08,LSW-09,LSW-10,LSW-11,LSW-12,LSW-13,LSW-14,LSW-22	inherited caller stage; owner families are contextual, not evidence every duty is implemented/accepted
W-intent	work	test-only-observed-call	LSW-06	LSW-05,LSW-06,LSW-07,LSW-08,LSW-09,LSW-10,LSW-11,LSW-12,LSW-13,LSW-14,LSW-22	inherited caller stage; owner families are contextual, not evidence every duty is implemented/accepted
W-observe	work	conditional-production	LSW-08,LSW-13,LSW-14	LSW-05,LSW-06,LSW-07,LSW-08,LSW-09,LSW-10,LSW-11,LSW-12,LSW-13,LSW-14,LSW-22	inherited caller stage; owner families are contextual, not evidence every duty is implemented/accepted
W-port-types	work	type-contract	LSW-09,LSW-10,LSW-14	LSW-05,LSW-06,LSW-07,LSW-08,LSW-09,LSW-10,LSW-11,LSW-12,LSW-13,LSW-14,LSW-22	inherited caller stage; owner families are contextual, not evidence every duty is implemented/accepted
W-progress	work	test-only-observed-call	LSW-12,LSW-13,LSW-14	LSW-05,LSW-06,LSW-07,LSW-08,LSW-09,LSW-10,LSW-11,LSW-12,LSW-13,LSW-14,LSW-22	inherited caller stage; owner families are contextual, not evidence every duty is implemented/accepted
W-recovery	work	conditional-production	LSW-12	LSW-05,LSW-06,LSW-07,LSW-08,LSW-09,LSW-10,LSW-11,LSW-12,LSW-13,LSW-14,LSW-22	inherited caller stage; owner families are contextual, not evidence every duty is implemented/accepted
W-retry-lifecycle	work	conditional-production	LSW-08	LSW-05,LSW-06,LSW-07,LSW-08,LSW-09,LSW-10,LSW-11,LSW-12,LSW-13,LSW-14,LSW-22	inherited caller stage; owner families are contextual, not evidence every duty is implemented/accepted
W-rows	work	conditional-production	LSW-22	LSW-05,LSW-06,LSW-07,LSW-08,LSW-09,LSW-10,LSW-11,LSW-12,LSW-13,LSW-14,LSW-22	inherited caller stage; owner families are contextual, not evidence every duty is implemented/accepted
W-schedule	work	test-only-observed-call	LSW-10	LSW-05,LSW-06,LSW-07,LSW-08,LSW-09,LSW-10,LSW-11,LSW-12,LSW-13,LSW-14,LSW-22	inherited caller stage; owner families are contextual, not evidence every duty is implemented/accepted
W-schedule-commands	work	conditional-production	LSW-05,LSW-06,LSW-07,LSW-09,LSW-10,LSW-11,LSW-12	LSW-05,LSW-06,LSW-07,LSW-08,LSW-09,LSW-10,LSW-11,LSW-12,LSW-13,LSW-14,LSW-22	inherited caller stage; owner families are contextual, not evidence every duty is implemented/accepted
W-surface	work	type-contract		LSW-05,LSW-06,LSW-07,LSW-08,LSW-09,LSW-10,LSW-11,LSW-12,LSW-13,LSW-14,LSW-22	inherited caller stage; owner families are contextual, not evidence every duty is implemented/accepted
W-test-doubles	work	test-only-observed-call	LSW-09,LSW-10,LSW-14	LSW-05,LSW-06,LSW-07,LSW-08,LSW-09,LSW-10,LSW-11,LSW-12,LSW-13,LSW-14,LSW-22	inherited caller stage; owner families are contextual, not evidence every duty is implemented/accepted
K-facts	work-kernel	prototype-unadopted	LSW-21	LSW-21	inherited caller stage; owner families are contextual, not evidence every duty is implemented/accepted
K-host	work-kernel	prototype-unadopted	LSW-21	LSW-21	inherited caller stage; owner families are contextual, not evidence every duty is implemented/accepted
K-native	work-kernel	prototype-unadopted	LSW-21	LSW-21	inherited caller stage; owner families are contextual, not evidence every duty is implemented/accepted
K-surface	work-kernel	type-contract		LSW-21	inherited caller stage; owner families are contextual, not evidence every duty is implemented/accepted
K-ts-every	work-kernel	prototype-unadopted		LSW-21	inherited caller stage; owner families are contextual, not evidence every duty is implemented/accepted
K-ts-lifecycle	work-kernel	prototype-unadopted		LSW-21	inherited caller stage; owner families are contextual, not evidence every duty is implemented/accepted
K-ts-linkage	work-kernel	prototype-unadopted		LSW-21	inherited caller stage; owner families are contextual, not evidence every duty is implemented/accepted
K-ts-receipt	work-kernel	prototype-unadopted		LSW-21	inherited caller stage; owner families are contextual, not evidence every duty is implemented/accepted
K-ts-recovery	work-kernel	prototype-unadopted		LSW-21	inherited caller stage; owner families are contextual, not evidence every duty is implemented/accepted
K-ts-retry	work-kernel	prototype-unadopted		LSW-21	inherited caller stage; owner families are contextual, not evidence every duty is implemented/accepted
K-ts-rows	work-kernel	prototype-unadopted		LSW-21	inherited caller stage; owner families are contextual, not evidence every duty is implemented/accepted
