integration_id	family	branch_ids	scope_status
delivery-imports	imports	IMPORT-001,IMPORT-002,IMPORT-003,IMPORT-004,IMPORT-005,IMPORT-006,IMPORT-007,IMPORT-008,IMPORT-009,IMPORT-010,IMPORT-011,IMPORT-012,IMPORT-013,IMPORT-014,IMPORT-015,IMPORT-016,IMPORT-017,IMPORT-018,IMPORT-019,IMPORT-020,IMPORT-021,IMPORT-022,IMPORT-023,IMPORT-024,IMPORT-025,IMPORT-026,IMPORT-027,IMPORT-028,IMPORT-029,IMPORT-030,IMPORT-031,IMPORT-032,IMPORT-033,IMPORT-034,IMPORT-035,IMPORT-036,IMPORT-037,IMPORT-038,IMPORT-039,IMPORT-051,IMPORT-052,IMPORT-053,IMPORT-054,IMPORT-055,IMPORT-056,IMPORT-057,IMPORT-058,IMPORT-059,IMPORT-060,IMPORT-061,IMPORT-062,IMPORT-063,IMPORT-064,IMPORT-065,IMPORT-066,IMPORT-067,IMPORT-068,IMPORT-069,IMPORT-070,IMPORT-071,IMPORT-072,IMPORT-073,IMPORT-074,IMPORT-075,IMPORT-076,IMPORT-090,IMPORT-091,IMPORT-092,IMPORT-093,IMPORT-094,IMPORT-095,IMPORT-096,IMPORT-097,IMPORT-098,IMPORT-099	selected adapter closure; explicit semantic/workflow exclusions in scope/family notes
delivery-loadability	imports	IMPORT-040,IMPORT-041,IMPORT-042,IMPORT-043,IMPORT-044,IMPORT-045,IMPORT-046,IMPORT-047,IMPORT-048,IMPORT-049,IMPORT-050,IMPORT-053,IMPORT-054,IMPORT-055,IMPORT-056,IMPORT-057,IMPORT-065,IMPORT-077,IMPORT-078,IMPORT-079,IMPORT-080,IMPORT-081,IMPORT-082,IMPORT-083,IMPORT-084,IMPORT-085,IMPORT-086,IMPORT-087,IMPORT-088,IMPORT-089,IMPORT-091	selected adapter closure; explicit semantic/workflow exclusions in scope/family notes
delivery-maps	maps	MAP-001,MAP-002,MAP-003,MAP-004,MAP-005,MAP-006,MAP-007,MAP-008,MAP-009,MAP-010,MAP-011,MAP-012,MAP-013,MAP-014,MAP-015,MAP-016,MAP-017,MAP-018,MAP-019,MAP-020,MAP-021,MAP-022,MAP-023,MAP-024,MAP-025,MAP-026,MAP-027,MAP-028,MAP-029,MAP-030,MAP-031,MAP-032,MAP-033,MAP-034,MAP-035,MAP-036,MAP-037,MAP-038,MAP-039,MAP-040,MAP-041,MAP-042,MAP-043,MAP-044,MAP-045	selected adapter closure; explicit semantic/workflow exclusions in scope/family notes
identity-codecs	identity	IDENTITY-020,IDENTITY-021,IDENTITY-022,IDENTITY-023,IDENTITY-024,IDENTITY-025,IDENTITY-026,IDENTITY-027,IDENTITY-028,IDENTITY-029,IDENTITY-032,IDENTITY-038,IDENTITY-039,IDENTITY-040,IDENTITY-041,IDENTITY-042,IDENTITY-043,IDENTITY-044,IDENTITY-045,IDENTITY-046,IDENTITY-047,IDENTITY-048,IDENTITY-049	selected adapter closure; explicit semantic/workflow exclusions in scope/family notes
identity-native-comparison	identity	IDENTITY-030,IDENTITY-031,IDENTITY-033,IDENTITY-034,IDENTITY-035,IDENTITY-036,IDENTITY-037,IDENTITY-047,IDENTITY-048,IDENTITY-049	selected adapter closure; explicit semantic/workflow exclusions in scope/family notes
session-cookie	identity	IDENTITY-001,IDENTITY-002,IDENTITY-003,IDENTITY-004,IDENTITY-005,IDENTITY-006,IDENTITY-007,IDENTITY-008,IDENTITY-009,IDENTITY-010,IDENTITY-011,IDENTITY-012,IDENTITY-013,IDENTITY-014,IDENTITY-015,IDENTITY-016,IDENTITY-017,IDENTITY-018,IDENTITY-019	selected adapter closure; explicit semantic/workflow exclusions in scope/family notes
numeric-text	values	VAL-001,VAL-002,VAL-003,VAL-006,VAL-008,VAL-011,VAL-012,VAL-013,VAL-017,VAL-018,VAL-019,VAL-023,VAL-024,VAL-025,VAL-040,VAL-102	selected adapter closure; explicit semantic/workflow exclusions in scope/family notes
string-quoting	values	VAL-004,VAL-005,VAL-006,VAL-007,VAL-008,VAL-010,VAL-013,VAL-016,VAL-019,VAL-022,VAL-025,VAL-102	selected adapter closure; explicit semantic/workflow exclusions in scope/family notes
uri-identity-encoding	values	VAL-009,VAL-010,VAL-013,VAL-014,VAL-015,VAL-016,VAL-019,VAL-020,VAL-021,VAL-022,VAL-025,VAL-026	selected adapter closure; explicit semantic/workflow exclusions in scope/family notes
calendar-zone	values	VAL-027,VAL-028,VAL-029,VAL-030,VAL-031,VAL-032,VAL-033,VAL-034,VAL-035,VAL-036,VAL-037	selected adapter closure; explicit semantic/workflow exclusions in scope/family notes
decimal-rounding	values	VAL-038,VAL-039,VAL-040,VAL-041,VAL-068	selected adapter closure; explicit semantic/workflow exclusions in scope/family notes
icu-parser	values	VAL-042,VAL-043,VAL-044,VAL-045,VAL-046,VAL-047,VAL-048,VAL-049,VAL-050,VAL-051,VAL-052,VAL-055,VAL-056	selected adapter closure; explicit semantic/workflow exclusions in scope/family notes
intl-exact-display	values	VAL-052,VAL-053,VAL-054,VAL-055,VAL-057,VAL-058,VAL-059,VAL-060,VAL-061,VAL-062,VAL-063,VAL-064,VAL-065,VAL-066,VAL-067,VAL-068,VAL-069	selected adapter closure; explicit semantic/workflow exclusions in scope/family notes
semantic-owner-core	values	VAL-070,VAL-071,VAL-072,VAL-073,VAL-074,VAL-075,VAL-076,VAL-077,VAL-078,VAL-079,VAL-080,VAL-081,VAL-082,VAL-083,VAL-084,VAL-085,VAL-086,VAL-087,VAL-088,VAL-089,VAL-090,VAL-091,VAL-092,VAL-093,VAL-094,VAL-095,VAL-096,VAL-097,VAL-098,VAL-099,VAL-100,VAL-101,VAL-102,VAL-103,VAL-104,VAL-105,VAL-106,VAL-107,VAL-108,VAL-109,VAL-110,VAL-111,VAL-112,VAL-113,VAL-114,VAL-115,VAL-116,VAL-117,VAL-118,VAL-119,VAL-120,VAL-121,VAL-122,VAL-123,VAL-124,VAL-125,VAL-126,VAL-127,VAL-128,VAL-129,VAL-130,VAL-131,VAL-132,VAL-133,VAL-134,VAL-135	selected adapter closure; explicit semantic/workflow exclusions in scope/family notes
csv-parse	consumers	CONSUMERS-001,CONSUMERS-002,CONSUMERS-003,CONSUMERS-004,CONSUMERS-005,CONSUMERS-006,CONSUMERS-007,CONSUMERS-008,CONSUMERS-009,CONSUMERS-013,CONSUMERS-014,CONSUMERS-016,CONSUMERS-018,CONSUMERS-020,CONSUMERS-021,CONSUMERS-022	selected adapter closure; explicit semantic/workflow exclusions in scope/family notes
csv-export-stringify	consumers	CONSUMERS-017,CONSUMERS-019,CONSUMERS-023,CONSUMERS-024,CONSUMERS-025,CONSUMERS-026,CONSUMERS-027,CONSUMERS-028,CONSUMERS-029,CONSUMERS-030	selected adapter closure; explicit semantic/workflow exclusions in scope/family notes
abort-fan-in	consumers	CONSUMERS-057,CONSUMERS-058,CONSUMERS-059,CONSUMERS-060,CONSUMERS-061,CONSUMERS-062,CONSUMERS-063,CONSUMERS-064,CONSUMERS-065,CONSUMERS-066,CONSUMERS-067,CONSUMERS-068,CONSUMERS-069,CONSUMERS-070,CONSUMERS-071	selected adapter closure; explicit semantic/workflow exclusions in scope/family notes
stable-json-identities	consumers	CONSUMERS-010,CONSUMERS-011,CONSUMERS-012,CONSUMERS-015,CONSUMERS-031,CONSUMERS-032,CONSUMERS-033,CONSUMERS-034,CONSUMERS-035,CONSUMERS-036,CONSUMERS-037,CONSUMERS-038,CONSUMERS-039,CONSUMERS-040,CONSUMERS-041,CONSUMERS-042,CONSUMERS-043	selected adapter closure; explicit semantic/workflow exclusions in scope/family notes
file-signature-catalog	consumers	CONSUMERS-044,CONSUMERS-045,CONSUMERS-046,CONSUMERS-047,CONSUMERS-048,CONSUMERS-049,CONSUMERS-050,CONSUMERS-051,CONSUMERS-052,CONSUMERS-053,CONSUMERS-054,CONSUMERS-055,CONSUMERS-056	selected adapter closure; explicit semantic/workflow exclusions in scope/family notes
ollama-protocol	consumers	CONSUMERS-072,CONSUMERS-073,CONSUMERS-074,CONSUMERS-075,CONSUMERS-076,CONSUMERS-077,CONSUMERS-078,CONSUMERS-079,CONSUMERS-080,CONSUMERS-081,CONSUMERS-082,CONSUMERS-083,CONSUMERS-084,CONSUMERS-085,CONSUMERS-086,CONSUMERS-087	selected adapter closure; explicit semantic/workflow exclusions in scope/family notes
state-work-retention	consumers	CONSUMERS-032,CONSUMERS-033,CONSUMERS-034,CONSUMERS-035,CONSUMERS-036,CONSUMERS-037,CONSUMERS-038	selected adapter closure; explicit semantic/workflow exclusions in scope/family notes
lossless-transport	delivery	DEL-006,DEL-007,DEL-008,DEL-009,DEL-010,DEL-011,DEL-012,DEL-013,DEL-014,DEL-015,DEL-016	selected adapter closure; explicit semantic/workflow exclusions in scope/family notes
delivery-toml	delivery	DEL-001,DEL-002,DEL-003,DEL-017,DEL-018,DEL-019	selected adapter closure; explicit semantic/workflow exclusions in scope/family notes
delivery-cli	delivery	DEL-004,DEL-005	selected adapter closure; explicit semantic/workflow exclusions in scope/family notes
delivery-protocol-build	delivery	DEL-020,DEL-021,DEL-022,DEL-023,DEL-024,DEL-025,DEL-026,DEL-027,DEL-028,DEL-029,DEL-030,DEL-031,DEL-032,DEL-033	selected adapter closure; explicit semantic/workflow exclusions in scope/family notes
delivery-crypto-files	delivery	DEL-034,DEL-035,DEL-036,DEL-037,DEL-038,DEL-039,DEL-040,DEL-041,DEL-042,DEL-043,DEL-044,DEL-045,DEL-046,DEL-047,DEL-048,DEL-049,DEL-050,DEL-051,DEL-052,DEL-053,DEL-054	selected adapter closure; explicit semantic/workflow exclusions in scope/family notes
delivery-small	delivery	DEL-055,DEL-056,DEL-057,DEL-058,DEL-059,DEL-060,DEL-061,DEL-062,DEL-063,DEL-064,DEL-065	selected adapter closure; explicit semantic/workflow exclusions in scope/family notes
