owner	export_key	conditions	declared_targets	direct_source_targets	direct_responsibility_ids	reexport_module_candidates	status_summary	retirement_gate
cloudflare	.	types;default	./dist/index.d.ts;./dist/index.js	packages/cloudflare/src/index.ts	CF-exports	packages/cloudflare/src/deploy/compat.ts,packages/cloudflare/src/deploy/plan.ts,packages/cloudflare/src/dev/local-run.ts,packages/cloudflare/src/index.ts	production-observed-source	Public contract/consumer/host/deprecation review required; no unused-export deletion approval.
cloudflare	./deploy/bundle	types;default	./dist/deploy/bundle.d.ts;./dist/deploy/bundle.js	packages/cloudflare/src/deploy/bundle.ts	CF-asset-bundle,CF-bundle	packages/cloudflare/src/deploy/bundle.ts	conditional-production,production-observed-source	Public contract/consumer/host/deprecation review required; no unused-export deletion approval.
cloudflare	./deploy/compat	types;default	./dist/deploy/compat.d.ts;./dist/deploy/compat.js	packages/cloudflare/src/deploy/compat.ts	CF-compat	packages/cloudflare/src/deploy/compat.ts	production-observed-source	Public contract/consumer/host/deprecation review required; no unused-export deletion approval.
cloudflare	./deploy/package-assets	types;default	./dist/deploy/package-assets.d.ts;./dist/deploy/package-assets.js	packages/cloudflare/src/deploy/package-assets.ts	CF-asset-bundle	packages/cloudflare/src/deploy/package-assets.ts	conditional-production	Public contract/consumer/host/deprecation review required; no unused-export deletion approval.
cloudflare	./deploy/producer-files	types;default	./dist/deploy/producer-files.d.ts;./dist/deploy/producer-files.js	packages/cloudflare/src/deploy/producer-files.ts	CF-producer-lookup	packages/cloudflare/src/deploy/producer-files.ts	production-observed-source	Public contract/consumer/host/deprecation review required; no unused-export deletion approval.
cloudflare	./dev/local-run	types;default	./dist/dev/local-run.d.ts;./dist/dev/local-run.js	packages/cloudflare/src/dev/local-run.ts	CF-local-host	packages/cloudflare/src/dev/local-run.ts	production-observed-source	Public contract/consumer/host/deprecation review required; no unused-export deletion approval.
cloudflare	./dev/row-scope	types;default	./dist/dev/row-scope.d.ts;./dist/dev/row-scope.js	packages/cloudflare/src/dev/row-scope.ts	CF-local-rows	packages/cloudflare/src/dev/row-scope.ts	production-observed-source	Public contract/consumer/host/deprecation review required; no unused-export deletion approval.
cloudflare	./runtime/artifact	types;default	./dist/runtime/artifact.d.ts;./dist/runtime/artifact.js	packages/cloudflare/src/runtime/artifact.ts	CF-artifact	packages/cloudflare/src/runtime/artifact.ts	production-observed-source	Public contract/consumer/host/deprecation review required; no unused-export deletion approval.
cloudflare	./runtime/invoke	types;default	./dist/runtime/invoke.d.ts;./dist/runtime/invoke.js	packages/cloudflare/src/runtime/invoke.ts	CF-canonical-mutation,CF-canonical-policy,CF-canonical-read,CF-diagnostics,CF-dispatch-driver,CF-dispatch-staging,CF-fanout-driving,CF-fanout-staging,CF-selected-receipt	packages/cloudflare/src/runtime/context.ts,packages/cloudflare/src/runtime/invoke.ts,packages/cloudflare/src/runtime/modules.ts,packages/cloudflare/src/runtime/sourcemap.ts	conditional-production,production-observed-source	Public contract/consumer/host/deprecation review required; no unused-export deletion approval.
cloudflare	./runtime/mcp-registry	types;default	./dist/runtime/mcp-registry.d.ts;./dist/runtime/mcp-registry.js	packages/cloudflare/src/runtime/mcp-registry.ts	CF-mcp-registry	packages/cloudflare/src/runtime/mcp-registry.ts	production-observed-source	Public contract/consumer/host/deprecation review required; no unused-export deletion approval.
cloudflare	./runtime/modules	types;default	./dist/runtime/modules.d.ts;./dist/runtime/modules.js	packages/cloudflare/src/runtime/modules.ts	CF-in-memory-assembly	packages/cloudflare/src/runtime/modules.ts	production-observed-source	Public contract/consumer/host/deprecation review required; no unused-export deletion approval.
cloudflare	./runtime/stdlib	types;default	./dist/runtime/stdlib.d.ts;./dist/runtime/stdlib.js	packages/cloudflare/src/runtime/stdlib.ts	CF-context-stdlib	packages/cloudflare/src/runtime/stdlib.ts	conditional-production	Public contract/consumer/host/deprecation review required; no unused-export deletion approval.
cloudflare	./worker	types;default	./dist/worker/entry.d.ts;./dist/worker/entry.js	packages/cloudflare/src/worker/entry.ts	CF-worker-main	packages/cloudflare/src/worker/entry.ts	production-observed-source	Public contract/consumer/host/deprecation review required; no unused-export deletion approval.
cloudflare	./worker/assembly	types;default	./dist/worker/assembly.d.ts;./dist/worker/assembly.js	packages/cloudflare/src/worker/assembly.ts	CF-dispatch-composition,CF-fanout-composition,CF-worker-composition	packages/cloudflare/src/worker/assembly.ts	production-observed-source,test-only-observed-call	Public contract/consumer/host/deprecation review required; no unused-export deletion approval.
cloudflare	./worker/main	types;default	./dist/worker/main.d.ts;./dist/worker/main.js	packages/cloudflare/src/worker/main.ts	CF-worker-main	packages/cloudflare/src/worker/main.ts	production-observed-source	Public contract/consumer/host/deprecation review required; no unused-export deletion approval.
contracts	.	types;default	./dist/index.d.ts;./dist/index.js	packages/contracts/src/index.ts	contracts-assembly	packages/contracts/src/artifact.ts,packages/contracts/src/deployment-assets.ts,packages/contracts/src/deployment.ts,packages/contracts/src/diagnostic.ts,packages/contracts/src/examples.ts,packages/contracts/src/files.ts,packages/contracts/src/identity.ts,packages/contracts/src/index.ts,packages/contracts/src/presentation.ts,packages/contracts/src/reference.ts,packages/contracts/src/services.ts,packages/contracts/src/state.ts,packages/contracts/src/values.ts,packages/contracts/src/wire.ts,packages/contracts/src/work.ts	production-observed-source,public-api-no-observed-in-repo-call,type-contract	Public contract/consumer/host/deprecation review required; no unused-export deletion approval.
contracts	./distribution	types;default	./dist/distribution.d.ts;./dist/distribution.js	packages/contracts/src/distribution.ts	contracts-distribution	packages/contracts/src/distribution.ts	production-observed-source	Public contract/consumer/host/deprecation review required; no unused-export deletion approval.
contracts	./values	types;default	./dist/values.d.ts;./dist/values.js	packages/contracts/src/values.ts	contracts-values	packages/contracts/src/values.ts	type-contract	Public contract/consumer/host/deprecation review required; no unused-export deletion approval.
files	.	types;default	./dist/src/index.d.ts;./dist/src/index.js	packages/files/src/index.ts	files-public-surface	packages/files/src/bridge.ts,packages/files/src/catalog.ts,packages/files/src/finalize/index.ts,packages/files/src/index.ts,packages/files/src/ports.ts,packages/files/src/provenance/index.ts,packages/files/src/retention/index.ts,packages/files/src/upload/fs-blob-store.ts,packages/files/src/upload/index.ts	conditional-production,public-api-no-observed-in-repo-call,test-only-observed-call,type-contract	Public contract/consumer/host/deprecation review required; no unused-export deletion approval.
files	./bridge	types;default	./dist/src/bridge.d.ts;./dist/src/bridge.js	packages/files/src/bridge.ts	files-bridge	packages/files/src/bridge.ts	test-only-observed-call	Public contract/consumer/host/deprecation review required; no unused-export deletion approval.
files	./catalog	types;default	./dist/src/catalog.d.ts;./dist/src/catalog.js	packages/files/src/catalog.ts	files-catalog	packages/files/src/catalog.ts	public-api-no-observed-in-repo-call	Public contract/consumer/host/deprecation review required; no unused-export deletion approval.
files	./distribution	types;default	./dist/src/distribution.d.ts;./dist/src/distribution.js	packages/files/src/distribution.ts	files-distribution	packages/files/src/distribution.ts	generated-staged	Public contract/consumer/host/deprecation review required; no unused-export deletion approval.
files	./finalize	types;default	./dist/src/finalize/index.d.ts;./dist/src/finalize/index.js	packages/files/src/finalize/index.ts	files-attachment-read,files-finalization,files-provider-output	packages/files/src/finalize/index.ts	conditional-production,test-only-observed-call	Public contract/consumer/host/deprecation review required; no unused-export deletion approval.
files	./ports	types;default	./dist/src/ports.d.ts;./dist/src/ports.js	packages/files/src/ports.ts	files-fs-storage,files-port-contract,files-test-doubles	packages/files/src/ports.ts	test-only-observed-call,type-contract	Public contract/consumer/host/deprecation review required; no unused-export deletion approval.
files	./provenance	types;default	./dist/src/provenance/index.d.ts;./dist/src/provenance/index.js	packages/files/src/provenance/index.ts	files-attachment-read,files-provenance	packages/files/src/provenance/index.ts	conditional-production,test-only-observed-call	Public contract/consumer/host/deprecation review required; no unused-export deletion approval.
files	./retention	types;default	./dist/src/retention/index.d.ts;./dist/src/retention/index.js	packages/files/src/retention/index.ts	files-retention	packages/files/src/retention/index.ts	test-only-observed-call	Public contract/consumer/host/deprecation review required; no unused-export deletion approval.
files	./scenarios	types;default	./dist/src/scenarios.d.ts;./dist/src/scenarios.js	packages/files/src/scenarios.ts	files-scenarios	packages/files/src/scenarios.ts	test-only-observed-call	Public contract/consumer/host/deprecation review required; no unused-export deletion approval.
files	./upload	types;default	./dist/src/upload/index.d.ts;./dist/src/upload/index.js	packages/files/src/upload/index.ts	files-upload	packages/files/src/upload/index.ts	conditional-production	Public contract/consumer/host/deprecation review required; no unused-export deletion approval.
files	./upload/fs-blob-store	types;default	./dist/src/upload/fs-blob-store.d.ts;./dist/src/upload/fs-blob-store.js	packages/files/src/upload/fs-blob-store.ts	files-fs-storage	packages/files/src/upload/fs-blob-store.ts	test-only-observed-call	Public contract/consumer/host/deprecation review required; no unused-export deletion approval.
identity	.	types;default	./dist/src/index.d.ts;./dist/src/index.js	packages/identity/src/index.ts	identity-public-surface	packages/identity/src/accounts/passwords.ts,packages/identity/src/accounts/recovery.ts,packages/identity/src/accounts/registration.ts,packages/identity/src/authentication/audience.ts,packages/identity/src/authentication/context.ts,packages/identity/src/authentication/grants.ts,packages/identity/src/authentication/oauth.ts,packages/identity/src/authentication/revocation.ts,packages/identity/src/index.ts,packages/identity/src/ports.ts,packages/identity/src/sessions/cookies.ts,packages/identity/src/sessions/csrf.ts,packages/identity/src/sessions/presession.ts,packages/identity/src/sessions/tokens.ts,packages/identity/src/storage/d1.ts,packages/identity/src/teams/invitations.ts,packages/identity/src/teams/membership.ts,packages/identity/src/teams/roles.ts,packages/identity/src/teams/selection.ts	conditional-production,production-observed-source,test-only-observed-call	Public contract/consumer/host/deprecation review required; no unused-export deletion approval.
identity	./distribution	types;default	./dist/src/distribution.d.ts;./dist/src/distribution.js	packages/identity/src/distribution.ts	identity-distribution	packages/identity/src/distribution.ts	generated-staged	Public contract/consumer/host/deprecation review required; no unused-export deletion approval.
identity	./testing	types;default	./dist/src/testing.d.ts;./dist/src/testing.js	packages/identity/src/testing.ts	identity-test-doubles	packages/identity/src/testing.ts	test-only-observed-call	Public contract/consumer/host/deprecation review required; no unused-export deletion approval.
interfaces	.	types;default	./dist/src/index.d.ts;./dist/src/index.js	packages/interfaces/src/index.ts	interfaces-public-surface	packages/interfaces/src/docs/reference.ts,packages/interfaces/src/envelope/refs.ts,packages/interfaces/src/envelope/validate.ts,packages/interfaces/src/envelope/versions.ts,packages/interfaces/src/errors/envelope.ts,packages/interfaces/src/errors/logging.ts,packages/interfaces/src/errors/redact.ts,packages/interfaces/src/errors/safe.ts,packages/interfaces/src/http/auth.ts,packages/interfaces/src/http/context.ts,packages/interfaces/src/http/fragments.ts,packages/interfaces/src/http/limits.ts,packages/interfaces/src/http/operations.ts,packages/interfaces/src/http/pages.ts,packages/interfaces/src/http/presentation.ts,packages/interfaces/src/http/routes.ts,packages/interfaces/src/index.ts,packages/interfaces/src/ingress/mapping.ts,packages/interfaces/src/ingress/routes.ts,packages/interfaces/src/mcp/discovery.ts,packages/interfaces/src/mcp/schemas.ts,packages/interfaces/src/mcp/server.ts,packages/interfaces/src/mcp/tools.ts,packages/interfaces/src/oauth/metadata.ts,packages/interfaces/src/oauth/routes.ts,packages/interfaces/src/ports.ts,packages/interfaces/src/projection/project.ts,packages/interfaces/src/uploads/principals.ts,packages/interfaces/src/uploads/routes.ts	conditional-production,production-observed-source,test-only-observed-call,type-contract	Public contract/consumer/host/deprecation review required; no unused-export deletion approval.
interfaces	./distribution	types;default	./dist/src/distribution.d.ts;./dist/src/distribution.js	packages/interfaces/src/distribution.ts	interfaces-distribution	packages/interfaces/src/distribution.ts	generated-staged	Public contract/consumer/host/deprecation review required; no unused-export deletion approval.
interfaces	./http/form-errors	types;default	./dist/src/http/formErrors.d.ts;./dist/src/http/formErrors.js	packages/interfaces/src/http/formErrors.ts	interfaces-form-rerender	packages/interfaces/src/http/formErrors.ts	conditional-production	Public contract/consumer/host/deprecation review required; no unused-export deletion approval.
interfaces	./http/operations	types;default	./dist/src/http/operations.d.ts;./dist/src/http/operations.js	packages/interfaces/src/http/operations.ts	interfaces-http-operation,interfaces-input-derivation	packages/interfaces/src/http/operations.ts	production-observed-source	Public contract/consumer/host/deprecation review required; no unused-export deletion approval.
interfaces	./mcp/server	types;default	./dist/src/mcp/server.d.ts;./dist/src/mcp/server.js	packages/interfaces/src/mcp/server.ts	interfaces-mcp	packages/interfaces/src/mcp/server.ts	production-observed-source	Public contract/consumer/host/deprecation review required; no unused-export deletion approval.
interfaces	./testing	types;default	./dist/src/testing.d.ts;./dist/src/testing.js	packages/interfaces/src/testing.ts	interfaces-test-doubles	packages/interfaces/src/testing.ts	test-only-observed-call	Public contract/consumer/host/deprecation review required; no unused-export deletion approval.
interfaces	./uploads/kernel	types;default	./dist/src/uploads/kernel.d.ts;./dist/src/uploads/kernel.js	packages/interfaces/src/uploads/kernel.ts	interfaces-file-kernel-binding	packages/interfaces/src/uploads/kernel.ts	test-only-observed-call	Public contract/consumer/host/deprecation review required; no unused-export deletion approval.
services	.	types;default	./dist/src/index.d.ts;./dist/src/index.js	packages/services/src/index.ts	services-public-surface	packages/services/src/catalog.ts,packages/services/src/http/client.ts,packages/services/src/http/errors.ts,packages/services/src/http/pagination.ts,packages/services/src/index.ts,packages/services/src/judgments/systemone.ts,packages/services/src/mail/adapter.ts,packages/services/src/mail/redact.ts,packages/services/src/media/comfyui.ts,packages/services/src/media/mapping.ts,packages/services/src/models/ollama.ts,packages/services/src/ports.ts	conditional-production,public-api-no-observed-in-repo-call,test-only-observed-call	Public contract/consumer/host/deprecation review required; no unused-export deletion approval.
services	./catalog	types;default	./dist/src/catalog.d.ts;./dist/src/catalog.js	packages/services/src/catalog.ts	services-catalog	packages/services/src/catalog.ts	public-api-no-observed-in-repo-call	Public contract/consumer/host/deprecation review required; no unused-export deletion approval.
services	./distribution	types;default	./dist/src/distribution.d.ts;./dist/src/distribution.js	packages/services/src/distribution.ts	services-distribution	packages/services/src/distribution.ts	generated-staged	Public contract/consumer/host/deprecation review required; no unused-export deletion approval.
services	./http/client	types;default	./dist/src/http/client.d.ts;./dist/src/http/client.js	packages/services/src/http/client.ts	services-http	packages/services/src/http/client.ts	conditional-production	Public contract/consumer/host/deprecation review required; no unused-export deletion approval.
services	./http/errors	types;default	./dist/src/http/errors.d.ts;./dist/src/http/errors.js	packages/services/src/http/errors.ts	services-http	packages/services/src/http/errors.ts	conditional-production	Public contract/consumer/host/deprecation review required; no unused-export deletion approval.
services	./http/pagination	types;default	./dist/src/http/pagination.d.ts;./dist/src/http/pagination.js	packages/services/src/http/pagination.ts	services-pagination	packages/services/src/http/pagination.ts	test-only-observed-call	Public contract/consumer/host/deprecation review required; no unused-export deletion approval.
services	./judgments/harness	types;default	./dist/src/judgments/harness.d.ts;./dist/src/judgments/harness.js	packages/services/src/judgments/harness.ts	services-harness	packages/services/src/judgments/harness.ts	test-only-observed-call	Public contract/consumer/host/deprecation review required; no unused-export deletion approval.
services	./judgments/systemone	types;default	./dist/src/judgments/systemone.d.ts;./dist/src/judgments/systemone.js	packages/services/src/judgments/systemone.ts	services-judgments	packages/services/src/judgments/systemone.ts	test-only-observed-call	Public contract/consumer/host/deprecation review required; no unused-export deletion approval.
services	./mail/adapter	types;default	./dist/src/mail/adapter.d.ts;./dist/src/mail/adapter.js	packages/services/src/mail/adapter.ts	services-mail	packages/services/src/mail/adapter.ts	test-only-observed-call	Public contract/consumer/host/deprecation review required; no unused-export deletion approval.
services	./mail/redact	types;default	./dist/src/mail/redact.d.ts;./dist/src/mail/redact.js	packages/services/src/mail/redact.ts	services-mail	packages/services/src/mail/redact.ts	test-only-observed-call	Public contract/consumer/host/deprecation review required; no unused-export deletion approval.
services	./media/comfyui	types;default	./dist/src/media/comfyui.d.ts;./dist/src/media/comfyui.js	packages/services/src/media/comfyui.ts	services-media	packages/services/src/media/comfyui.ts	test-only-observed-call	Public contract/consumer/host/deprecation review required; no unused-export deletion approval.
services	./media/harness	types;default	./dist/src/media/harness.d.ts;./dist/src/media/harness.js	packages/services/src/media/harness.ts	services-harness	packages/services/src/media/harness.ts	test-only-observed-call	Public contract/consumer/host/deprecation review required; no unused-export deletion approval.
services	./media/mapping	types;default	./dist/src/media/mapping.d.ts;./dist/src/media/mapping.js	packages/services/src/media/mapping.ts	services-media	packages/services/src/media/mapping.ts	test-only-observed-call	Public contract/consumer/host/deprecation review required; no unused-export deletion approval.
services	./models/harness	types;default	./dist/src/models/harness.d.ts;./dist/src/models/harness.js	packages/services/src/models/harness.ts	services-harness	packages/services/src/models/harness.ts	test-only-observed-call	Public contract/consumer/host/deprecation review required; no unused-export deletion approval.
services	./models/ollama	types;default	./dist/src/models/ollama.d.ts;./dist/src/models/ollama.js	packages/services/src/models/ollama.ts	services-model	packages/services/src/models/ollama.ts	test-only-observed-call	Public contract/consumer/host/deprecation review required; no unused-export deletion approval.
services	./ports	types;default	./dist/src/ports.d.ts;./dist/src/ports.js	packages/services/src/ports.ts	services-harness,services-port-contract,services-port-test-defaults	packages/services/src/ports.ts	conditional-production,test-only-observed-call	Public contract/consumer/host/deprecation review required; no unused-export deletion approval.
services	./scenarios	types;default	./dist/src/scenarios.d.ts;./dist/src/scenarios.js	packages/services/src/scenarios.ts	services-scenarios	packages/services/src/scenarios.ts	test-only-observed-call	Public contract/consumer/host/deprecation review required; no unused-export deletion approval.
state	.	types;default	./dist/src/index.d.ts;./dist/src/index.js	packages/state/src/index.ts	S-surface	packages/contracts/src/artifact.ts,packages/contracts/src/deployment-assets.ts,packages/contracts/src/deployment.ts,packages/contracts/src/diagnostic.ts,packages/contracts/src/examples.ts,packages/contracts/src/files.ts,packages/contracts/src/identity.ts,packages/contracts/src/index.ts,packages/contracts/src/presentation.ts,packages/contracts/src/reference.ts,packages/contracts/src/services.ts,packages/contracts/src/state.ts,packages/contracts/src/values.ts,packages/contracts/src/wire.ts,packages/contracts/src/work.ts,packages/state/src/catalog.ts,packages/state/src/effects/staging.ts,packages/state/src/errors.ts,packages/state/src/index.ts,packages/state/src/internal/json.ts,packages/state/src/invocation/context.ts,packages/state/src/invocation/invoke.ts,packages/state/src/invocation/registry.ts,packages/state/src/migration/activate.ts,packages/state/src/migration/index.ts,packages/state/src/migration/mapper.ts,packages/state/src/migration/recover.ts,packages/state/src/migration/retain.ts,packages/state/src/migration/stage.ts,packages/state/src/migration/transition.ts,packages/state/src/migration/validate.ts,packages/state/src/mutation/crud.ts,packages/state/src/mutation/index.ts,packages/state/src/mutation/models.ts,packages/state/src/mutation/pipeline.ts,packages/state/src/policy/grants.ts,packages/state/src/policy/roles.ts,packages/state/src/ports/index.ts,packages/state/src/ports/read.ts,packages/state/src/ports/system.ts,packages/state/src/ports/transact.ts,packages/state/src/query/engine.ts,packages/state/src/query/index.ts	conditional-production,production-observed-source,public-api-no-observed-in-repo-call,test-only-observed-call,type-contract	Public contract/consumer/host/deprecation review required; no unused-export deletion approval.
state	./catalog	types;default	./dist/src/catalog.d.ts;./dist/src/catalog.js	packages/state/src/catalog.ts	S-surface	packages/state/src/catalog.ts	type-contract	Public contract/consumer/host/deprecation review required; no unused-export deletion approval.
state	./distribution	types;default	./dist/src/distribution.d.ts;./dist/src/distribution.js	packages/state/src/distribution.ts	S-surface	packages/state/src/distribution.ts	type-contract	Public contract/consumer/host/deprecation review required; no unused-export deletion approval.
state	./effects/staging	types;default	./dist/src/effects/staging.d.ts;./dist/src/effects/staging.js	packages/state/src/effects/staging.ts	S-effects	packages/state/src/effects/staging.ts	production-observed-source	Public contract/consumer/host/deprecation review required; no unused-export deletion approval.
state	./errors	types;default	./dist/src/errors.d.ts;./dist/src/errors.js	packages/state/src/errors.ts	S-invoke	packages/state/src/errors.ts	production-observed-source	Public contract/consumer/host/deprecation review required; no unused-export deletion approval.
state	./fanout/cohort	types;default	./dist/src/fanout/cohort.d.ts;./dist/src/fanout/cohort.js	packages/state/src/fanout/cohort.ts	S-fanout-shape	packages/state/src/fanout/cohort.ts	conditional-production	Public contract/consumer/host/deprecation review required; no unused-export deletion approval.
state	./fanout/lifecycle	types;default	./dist/src/fanout/lifecycle.d.ts;./dist/src/fanout/lifecycle.js	packages/state/src/fanout/lifecycle.ts	S-fanout-lifecycle	packages/state/src/fanout/lifecycle.ts	conditional-production	Public contract/consumer/host/deprecation review required; no unused-export deletion approval.
state	./fanout/membership	types;default	./dist/src/fanout/membership.d.ts;./dist/src/fanout/membership.js	packages/state/src/fanout/membership.ts	S-fanout-freeze	packages/state/src/fanout/membership.ts	conditional-production	Public contract/consumer/host/deprecation review required; no unused-export deletion approval.
state	./fanout/outcome	types;default	./dist/src/fanout/outcome.d.ts;./dist/src/fanout/outcome.js	packages/state/src/fanout/outcome.ts	S-fanout-lifecycle	packages/state/src/fanout/outcome.ts	conditional-production	Public contract/consumer/host/deprecation review required; no unused-export deletion approval.
state	./fanout/progress	types;default	./dist/src/fanout/progress.d.ts;./dist/src/fanout/progress.js	packages/state/src/fanout/progress.ts	S-fanout-progress	packages/state/src/fanout/progress.ts	conditional-production	Public contract/consumer/host/deprecation review required; no unused-export deletion approval.
state	./fanout/tables	types;default	./dist/src/fanout/tables.d.ts;./dist/src/fanout/tables.js	packages/state/src/fanout/tables.ts	S-fanout-shape	packages/state/src/fanout/tables.ts	conditional-production	Public contract/consumer/host/deprecation review required; no unused-export deletion approval.
state	./internal/json	types;default	./dist/src/internal/json.d.ts;./dist/src/internal/json.js	packages/state/src/internal/json.ts	S-invoke	packages/state/src/internal/json.ts	production-observed-source	Public contract/consumer/host/deprecation review required; no unused-export deletion approval.
state	./invocation	types;default	./dist/src/invocation/index.d.ts;./dist/src/invocation/index.js	packages/state/src/invocation/index.ts	S-surface	packages/state/src/invocation/admission.ts,packages/state/src/invocation/context.ts,packages/state/src/invocation/index.ts,packages/state/src/invocation/invoke.ts,packages/state/src/invocation/registry.ts,packages/state/src/invocation/replay.ts	conditional-production,production-observed-source,type-contract	Public contract/consumer/host/deprecation review required; no unused-export deletion approval.
state	./invocation/admission	types;default	./dist/src/invocation/admission.d.ts;./dist/src/invocation/admission.js	packages/state/src/invocation/admission.ts	S-fence,S-invoke	packages/state/src/invocation/admission.ts	production-observed-source	Public contract/consumer/host/deprecation review required; no unused-export deletion approval.
state	./invocation/context	types;default	./dist/src/invocation/context.d.ts;./dist/src/invocation/context.js	packages/state/src/invocation/context.ts	S-invoke	packages/state/src/invocation/context.ts	production-observed-source	Public contract/consumer/host/deprecation review required; no unused-export deletion approval.
state	./invocation/invoke	types;default	./dist/src/invocation/invoke.d.ts;./dist/src/invocation/invoke.js	packages/state/src/invocation/invoke.ts	S-fanout-lifecycle,S-fence,S-invoke,S-read-invoke	packages/state/src/invocation/invoke.ts	conditional-production,production-observed-source	Public contract/consumer/host/deprecation review required; no unused-export deletion approval.
state	./invocation/prepared-inputs	types;default	./dist/src/invocation/prepared-inputs.d.ts;./dist/src/invocation/prepared-inputs.js	packages/state/src/invocation/prepared-inputs.ts	S-descriptors	packages/state/src/invocation/prepared-inputs.ts	production-observed-source	Public contract/consumer/host/deprecation review required; no unused-export deletion approval.
state	./invocation/registry	types;default	./dist/src/invocation/registry.d.ts;./dist/src/invocation/registry.js	packages/state/src/invocation/registry.ts	S-descriptors	packages/state/src/invocation/registry.ts	production-observed-source	Public contract/consumer/host/deprecation review required; no unused-export deletion approval.
state	./invocation/replay	types;default	./dist/src/invocation/replay.d.ts;./dist/src/invocation/replay.js	packages/state/src/invocation/replay.ts	S-invoke	packages/state/src/invocation/replay.ts	production-observed-source	Public contract/consumer/host/deprecation review required; no unused-export deletion approval.
state	./migration	types;default	./dist/src/migration/index.d.ts;./dist/src/migration/index.js	packages/state/src/migration/index.ts	S-migration-lifecycle	packages/state/src/migration/activate.ts,packages/state/src/migration/index.ts,packages/state/src/migration/mapper.ts,packages/state/src/migration/recover.ts,packages/state/src/migration/retain.ts,packages/state/src/migration/stage.ts,packages/state/src/migration/transition.ts,packages/state/src/migration/validate.ts	test-only-observed-call	Public contract/consumer/host/deprecation review required; no unused-export deletion approval.
state	./migration/activate	types;default	./dist/src/migration/activate.d.ts;./dist/src/migration/activate.js	packages/state/src/migration/activate.ts	S-migration-lifecycle	packages/state/src/migration/activate.ts	test-only-observed-call	Public contract/consumer/host/deprecation review required; no unused-export deletion approval.
state	./migration/mapper	types;default	./dist/src/migration/mapper.d.ts;./dist/src/migration/mapper.js	packages/state/src/migration/mapper.ts	S-migration-stage	packages/state/src/migration/mapper.ts	test-only-observed-call	Public contract/consumer/host/deprecation review required; no unused-export deletion approval.
state	./migration/recover	types;default	./dist/src/migration/recover.d.ts;./dist/src/migration/recover.js	packages/state/src/migration/recover.ts	S-migration-failure	packages/state/src/migration/recover.ts	test-only-observed-call	Public contract/consumer/host/deprecation review required; no unused-export deletion approval.
state	./migration/retain	types;default	./dist/src/migration/retain.d.ts;./dist/src/migration/retain.js	packages/state/src/migration/retain.ts	S-migration-plan	packages/state/src/migration/retain.ts	test-only-observed-call	Public contract/consumer/host/deprecation review required; no unused-export deletion approval.
state	./migration/stage	types;default	./dist/src/migration/stage.d.ts;./dist/src/migration/stage.js	packages/state/src/migration/stage.ts	S-migration-stage	packages/state/src/migration/stage.ts	test-only-observed-call	Public contract/consumer/host/deprecation review required; no unused-export deletion approval.
state	./migration/transition	types;default	./dist/src/migration/transition.d.ts;./dist/src/migration/transition.js	packages/state/src/migration/transition.ts	S-migration-plan	packages/state/src/migration/transition.ts	test-only-observed-call	Public contract/consumer/host/deprecation review required; no unused-export deletion approval.
state	./migration/validate	types;default	./dist/src/migration/validate.d.ts;./dist/src/migration/validate.js	packages/state/src/migration/validate.ts	S-migration-validation	packages/state/src/migration/validate.ts	test-only-observed-call	Public contract/consumer/host/deprecation review required; no unused-export deletion approval.
state	./mutation	types;default	./dist/src/mutation/index.d.ts;./dist/src/mutation/index.js	packages/state/src/mutation/index.ts	S-surface	packages/state/src/mutation/crud.ts,packages/state/src/mutation/index.ts,packages/state/src/mutation/models.ts,packages/state/src/mutation/pipeline.ts	production-observed-source,type-contract	Public contract/consumer/host/deprecation review required; no unused-export deletion approval.
state	./mutation/crud	types;default	./dist/src/mutation/crud.d.ts;./dist/src/mutation/crud.js	packages/state/src/mutation/crud.ts	S-models-crud	packages/state/src/mutation/crud.ts	production-observed-source	Public contract/consumer/host/deprecation review required; no unused-export deletion approval.
state	./mutation/models	types;default	./dist/src/mutation/models.d.ts;./dist/src/mutation/models.js	packages/state/src/mutation/models.ts	S-models-crud,S-pipeline	packages/state/src/mutation/models.ts	production-observed-source	Public contract/consumer/host/deprecation review required; no unused-export deletion approval.
state	./mutation/pipeline	types;default	./dist/src/mutation/pipeline.d.ts;./dist/src/mutation/pipeline.js	packages/state/src/mutation/pipeline.ts	S-fence,S-pipeline	packages/state/src/mutation/pipeline.ts	production-observed-source	Public contract/consumer/host/deprecation review required; no unused-export deletion approval.
state	./mutation/t18-shop.artifact	types;default	./dist/src/mutation/t18-shop.artifact.d.ts;./dist/src/mutation/t18-shop.artifact.js	packages/state/src/mutation/t18-shop.artifact.ts	S-public-T18-fixture	packages/state/src/mutation/t18-shop.artifact.ts	generated-staged	Public contract/consumer/host/deprecation review required; no unused-export deletion approval.
state	./policy/grants	types;default	./dist/src/policy/grants.d.ts;./dist/src/policy/grants.js	packages/state/src/policy/grants.ts	S-authority	packages/state/src/policy/grants.ts	production-observed-source	Public contract/consumer/host/deprecation review required; no unused-export deletion approval.
state	./policy/roles	types;default	./dist/src/policy/roles.d.ts;./dist/src/policy/roles.js	packages/state/src/policy/roles.ts	S-authority	packages/state/src/policy/roles.ts	production-observed-source	Public contract/consumer/host/deprecation review required; no unused-export deletion approval.
state	./ports	types;default	./dist/src/ports/index.d.ts;./dist/src/ports/index.js	packages/state/src/ports/index.ts	S-surface	packages/state/src/ports/index.ts,packages/state/src/ports/read.ts,packages/state/src/ports/system.ts,packages/state/src/ports/transact.ts	conditional-production,production-observed-source,test-only-observed-call,type-contract	Public contract/consumer/host/deprecation review required; no unused-export deletion approval.
state	./ports/read	types;default	./dist/src/ports/read.d.ts;./dist/src/ports/read.js	packages/state/src/ports/read.ts	S-query-other	packages/state/src/ports/read.ts	test-only-observed-call	Public contract/consumer/host/deprecation review required; no unused-export deletion approval.
state	./ports/system	types;default	./dist/src/ports/system.d.ts;./dist/src/ports/system.js	packages/state/src/ports/system.ts	S-system	packages/state/src/ports/system.ts	conditional-production	Public contract/consumer/host/deprecation review required; no unused-export deletion approval.
state	./ports/transact	types;default	./dist/src/ports/transact.d.ts;./dist/src/ports/transact.js	packages/state/src/ports/transact.ts	S-child-join,S-dispatch-join,S-read-invoke,S-transact-wrappers	packages/state/src/ports/transact.ts	conditional-production,production-observed-source,test-only-observed-call	Public contract/consumer/host/deprecation review required; no unused-export deletion approval.
state	./query	types;default	./dist/src/query/index.d.ts;./dist/src/query/index.js	packages/state/src/query/index.ts	S-query-records	packages/contracts/src/artifact.ts,packages/contracts/src/deployment-assets.ts,packages/contracts/src/deployment.ts,packages/contracts/src/diagnostic.ts,packages/contracts/src/examples.ts,packages/contracts/src/files.ts,packages/contracts/src/identity.ts,packages/contracts/src/index.ts,packages/contracts/src/presentation.ts,packages/contracts/src/reference.ts,packages/contracts/src/services.ts,packages/contracts/src/state.ts,packages/contracts/src/values.ts,packages/contracts/src/wire.ts,packages/contracts/src/work.ts,packages/state/src/policy/grants.ts,packages/state/src/query/engine.ts,packages/state/src/query/index.ts	production-observed-source,public-api-no-observed-in-repo-call,test-only-observed-call,type-contract	Public contract/consumer/host/deprecation review required; no unused-export deletion approval.
state	./query/engine	types;default	./dist/src/query/engine.d.ts;./dist/src/query/engine.js	packages/state/src/query/engine.ts	S-query-other,S-query-records	packages/state/src/query/engine.ts	production-observed-source,test-only-observed-call	Public contract/consumer/host/deprecation review required; no unused-export deletion approval.
state	./receipt	types;default	./dist/src/receipt/index.d.ts;./dist/src/receipt/index.js	packages/state/src/receipt/index.ts	S-surface	packages/state/src/receipt/grants.ts,packages/state/src/receipt/index.ts,packages/state/src/receipt/join.ts,packages/state/src/receipt/observer-loader.ts,packages/state/src/receipt/tables.ts	conditional-production,production-observed-source,test-only-observed-call,type-contract	Public contract/consumer/host/deprecation review required; no unused-export deletion approval.
state	./receipt/grants	types;default	./dist/src/receipt/grants.d.ts;./dist/src/receipt/grants.js	packages/state/src/receipt/grants.ts	S-receipt-read	packages/state/src/receipt/grants.ts	conditional-production	Public contract/consumer/host/deprecation review required; no unused-export deletion approval.
state	./receipt/join	types;default	./dist/src/receipt/join.d.ts;./dist/src/receipt/join.js	packages/state/src/receipt/join.ts	S-receipt-read	packages/state/src/receipt/join.ts	conditional-production	Public contract/consumer/host/deprecation review required; no unused-export deletion approval.
state	./receipt/observer-loader	types;default	./dist/src/receipt/observer-loader.d.ts;./dist/src/receipt/observer-loader.js	packages/state/src/receipt/observer-loader.ts	S-receipt-probe	packages/state/src/receipt/observer-loader.ts	production-observed-source	Public contract/consumer/host/deprecation review required; no unused-export deletion approval.
state	./receipt/tables	types;default	./dist/src/receipt/tables.d.ts;./dist/src/receipt/tables.js	packages/state/src/receipt/tables.ts	S-receipt-read,S-receipt-write	packages/state/src/receipt/tables.ts	conditional-production,test-only-observed-call	Public contract/consumer/host/deprecation review required; no unused-export deletion approval.
state	./storage	types;default	./dist/src/storage/index.d.ts;./dist/src/storage/index.js	packages/state/src/storage/index.ts	S-storage-contract	packages/contracts/src/artifact.ts,packages/contracts/src/deployment-assets.ts,packages/contracts/src/deployment.ts,packages/contracts/src/diagnostic.ts,packages/contracts/src/examples.ts,packages/contracts/src/files.ts,packages/contracts/src/identity.ts,packages/contracts/src/index.ts,packages/contracts/src/presentation.ts,packages/contracts/src/reference.ts,packages/contracts/src/services.ts,packages/contracts/src/state.ts,packages/contracts/src/values.ts,packages/contracts/src/wire.ts,packages/contracts/src/work.ts,packages/state/src/storage/d1.ts,packages/state/src/storage/durable-object.ts,packages/state/src/storage/index.ts,packages/state/src/storage/memory.ts,packages/state/src/storage/port.ts,packages/state/src/storage/schema.ts	conditional-production,production-observed-source,public-api-no-observed-in-repo-call,test-only-observed-call,type-contract	Public contract/consumer/host/deprecation review required; no unused-export deletion approval.
state	./storage/d1	types;default	./dist/src/storage/d1.d.ts;./dist/src/storage/d1.js	packages/state/src/storage/d1.ts	S-d1-core,S-d1-work,S-storage-migration	packages/state/src/storage/d1.ts	conditional-production,production-observed-source,test-only-observed-call	Public contract/consumer/host/deprecation review required; no unused-export deletion approval.
state	./storage/durable-object	types;default	./dist/src/storage/durable-object.d.ts;./dist/src/storage/durable-object.js	packages/state/src/storage/durable-object.ts	S-DO,S-storage-migration	packages/state/src/storage/durable-object.ts	test-only-observed-call	Public contract/consumer/host/deprecation review required; no unused-export deletion approval.
state	./storage/memory	types;default	./dist/src/storage/memory.d.ts;./dist/src/storage/memory.js	packages/state/src/storage/memory.ts	S-memory,S-storage-migration	packages/state/src/storage/memory.ts	test-only-observed-call	Public contract/consumer/host/deprecation review required; no unused-export deletion approval.
state	./storage/port	types;default	./dist/src/storage/port.d.ts;./dist/src/storage/port.js	packages/state/src/storage/port.ts	S-d1-core,S-storage-contract	packages/contracts/src/artifact.ts,packages/contracts/src/deployment-assets.ts,packages/contracts/src/deployment.ts,packages/contracts/src/diagnostic.ts,packages/contracts/src/examples.ts,packages/contracts/src/files.ts,packages/contracts/src/identity.ts,packages/contracts/src/index.ts,packages/contracts/src/presentation.ts,packages/contracts/src/reference.ts,packages/contracts/src/services.ts,packages/contracts/src/state.ts,packages/contracts/src/values.ts,packages/contracts/src/wire.ts,packages/contracts/src/work.ts,packages/state/src/storage/port.ts	production-observed-source,public-api-no-observed-in-repo-call,type-contract	Public contract/consumer/host/deprecation review required; no unused-export deletion approval.
state	./storage/schema	types;default	./dist/src/storage/schema.d.ts;./dist/src/storage/schema.js	packages/state/src/storage/schema.ts	S-d1-core	packages/state/src/storage/schema.ts	production-observed-source	Public contract/consumer/host/deprecation review required; no unused-export deletion approval.
state	./testing/fanout/test-driver	types;default	./dist/test/fanout/test-driver.d.ts;./dist/test/fanout/test-driver.js	packages/state/test/fanout/test-driver.ts	S-public-fanout-support	packages/state/test/fanout/test-driver.ts	test-only-observed-call	Public contract/consumer/host/deprecation review required; no unused-export deletion approval.
state	./testing/invocation/fixtures	types;default	./dist/test/invocation/fixtures.d.ts;./dist/test/invocation/fixtures.js	packages/state/test/invocation/fixtures.ts	S-public-invocation-fixtures	packages/state/test/invocation/fixtures.ts	test-only-observed-call	Public contract/consumer/host/deprecation review required; no unused-export deletion approval.
state	./testing/mutation/fixtures	types;default	./dist/test/mutation/fixtures.d.ts;./dist/test/mutation/fixtures.js	packages/state/test/mutation/fixtures.ts	S-public-mutation-fixtures	packages/state/test/mutation/fixtures.ts	test-only-observed-call	Public contract/consumer/host/deprecation review required; no unused-export deletion approval.
state	./testing/query/fixtures	types;default	./dist/test/query/fixtures.d.ts;./dist/test/query/fixtures.js	packages/state/test/query/fixtures.ts	S-public-query-fixtures	packages/state/test/query/fixtures.ts	test-only-observed-call	Public contract/consumer/host/deprecation review required; no unused-export deletion approval.
state	./testing/storage/do-test-worker	default	./test/storage/do-test-worker.js	packages/state/test/storage/do-test-worker.js	S-public-DO-test-worker	packages/state/test/storage/do-test-worker.js	test-only-observed-call	Public contract/consumer/host/deprecation review required; no unused-export deletion approval.
stdlib	.	types;default	./dist/src/index.d.ts;./dist/src/index.js	packages/stdlib/src/index.ts	stdlib-export-assembly	packages/contracts/src/values.ts,packages/stdlib/src/index.ts,packages/values/src/array.ts,packages/values/src/catalog.ts,packages/values/src/currency-data.ts,packages/values/src/decimal.ts,packages/values/src/equality.ts,packages/values/src/errors.ts,packages/values/src/icu.ts,packages/values/src/index.ts,packages/values/src/int.ts,packages/values/src/internal/schema-core.ts,packages/values/src/kinds.ts,packages/values/src/locale.ts,packages/values/src/money.ts,packages/values/src/schema.ts,packages/values/src/stdlib-pure.ts,packages/values/src/temporal.ts,packages/values/src/text.ts,packages/values/src/timezone.ts,packages/values/src/types.ts,packages/values/src/wire.ts	conditional-production,production-observed-source,public-api-no-observed-in-repo-call,test-only-observed-call,type-contract	Public contract/consumer/host/deprecation review required; no unused-export deletion approval.
stdlib	./distribution	types;default	./dist/src/distribution.d.ts;./dist/src/distribution.js	packages/stdlib/src/distribution.ts	stdlib-distribution	packages/stdlib/src/distribution.ts	production-observed-source	Public contract/consumer/host/deprecation review required; no unused-export deletion approval.
testkit	.	types;default	./dist/index.d.ts;./dist/index.js	packages/testkit/src/index.ts	testkit-public-surface	packages/cloudflare/src/dev/row-scope.ts,packages/testkit/src/assertions/equal.ts,packages/testkit/src/fixtures/accounts.ts,packages/testkit/src/fixtures/playback.ts,packages/testkit/src/fixtures/recipes.ts,packages/testkit/src/fixtures/seeds.ts,packages/testkit/src/index.ts,packages/testkit/src/reporting/report.ts,packages/testkit/src/runner/dispatch.ts,packages/testkit/src/runner/loader.ts,packages/testkit/src/runner/steps.ts,packages/testkit/src/runner/table.ts,packages/testkit/src/scopes/local.ts	production-observed-source,test-only-observed-call	Public contract/consumer/host/deprecation review required; no unused-export deletion approval.
testkit	./fixtures/b2-delivery	types;default	./dist/fixtures/b2-delivery.d.ts;./dist/fixtures/b2-delivery.js	packages/testkit/src/fixtures/b2-delivery.ts	testkit-journey-fixtures	packages/testkit/src/fixtures/b2-delivery.ts	test-only-observed-call	Public contract/consumer/host/deprecation review required; no unused-export deletion approval.
testkit	./fixtures/b2-revocation	types;default	./dist/fixtures/b2-revocation.d.ts;./dist/fixtures/b2-revocation.js	packages/testkit/src/fixtures/b2-revocation.ts	testkit-journey-fixtures	packages/testkit/src/fixtures/b2-revocation.ts	test-only-observed-call	Public contract/consumer/host/deprecation review required; no unused-export deletion approval.
testkit	./fixtures/b2-storage	types;default	./dist/fixtures/b2-storage.d.ts;./dist/fixtures/b2-storage.js	packages/testkit/src/fixtures/b2-storage.ts	testkit-journey-fixtures	packages/testkit/src/fixtures/b2-storage.ts	test-only-observed-call	Public contract/consumer/host/deprecation review required; no unused-export deletion approval.
testkit	./fixtures/playback	types;default	./dist/fixtures/playback.d.ts;./dist/fixtures/playback.js	packages/testkit/src/fixtures/playback.ts	testkit-playback	packages/testkit/src/fixtures/playback.ts	test-only-observed-call	Public contract/consumer/host/deprecation review required; no unused-export deletion approval.
testkit	./runner/dispatch	types;default	./dist/runner/dispatch.d.ts;./dist/runner/dispatch.js	packages/testkit/src/runner/dispatch.ts	testkit-runner	packages/testkit/src/runner/dispatch.ts	test-only-observed-call	Public contract/consumer/host/deprecation review required; no unused-export deletion approval.
testkit	./runner/steps	types;default	./dist/runner/steps.d.ts;./dist/runner/steps.js	packages/testkit/src/runner/steps.ts	testkit-runner	packages/testkit/src/runner/steps.ts	test-only-observed-call	Public contract/consumer/host/deprecation review required; no unused-export deletion approval.
ui	.	types;default	./dist/src/index.d.ts;./dist/src/index.js	packages/ui/src/index.ts	ui-public-surface	packages/contracts/src/artifact.ts,packages/contracts/src/deployment-assets.ts,packages/contracts/src/deployment.ts,packages/contracts/src/diagnostic.ts,packages/contracts/src/examples.ts,packages/contracts/src/files.ts,packages/contracts/src/identity.ts,packages/contracts/src/index.ts,packages/contracts/src/presentation.ts,packages/contracts/src/reference.ts,packages/contracts/src/services.ts,packages/contracts/src/state.ts,packages/contracts/src/values.ts,packages/contracts/src/wire.ts,packages/contracts/src/work.ts,packages/ui/src/appearance.ts,packages/ui/src/catalog.ts,packages/ui/src/client.ts,packages/ui/src/collections.ts,packages/ui/src/components.ts,packages/ui/src/controls.ts,packages/ui/src/csv/confirm.ts,packages/ui/src/csv/parse.ts,packages/ui/src/csv/preview.ts,packages/ui/src/escape.ts,packages/ui/src/forms.ts,packages/ui/src/groups.ts,packages/ui/src/htmx.ts,packages/ui/src/index.ts,packages/ui/src/leaves.ts,packages/ui/src/media.ts,packages/ui/src/messages.ts,packages/ui/src/navigation.ts,packages/ui/src/overlays.ts,packages/ui/src/panels.ts,packages/ui/src/policyPage.ts,packages/ui/src/review.ts,packages/ui/src/settings.ts,packages/ui/src/shell.ts	conditional-production,production-observed-source,public-api-no-observed-in-repo-call,test-only-observed-call,type-contract	Public contract/consumer/host/deprecation review required; no unused-export deletion approval.
ui	./browser/export	types;default	./dist/src/browser/export.d.ts;./dist/src/browser/export.js	packages/ui/src/browser/export.ts	ui-export-client	packages/ui/src/browser/export.ts	test-only-observed-call	Public contract/consumer/host/deprecation review required; no unused-export deletion approval.
ui	./browser/print	types;default	./dist/src/browser/print.d.ts;./dist/src/browser/print.js	packages/ui/src/browser/print.ts	ui-print-client	packages/ui/src/browser/print.ts	test-only-observed-call	Public contract/consumer/host/deprecation review required; no unused-export deletion approval.
ui	./csv/grammar	types;default	./dist/src/csv/grammar.d.ts;./dist/src/csv/grammar.js	packages/ui/src/csv/grammar.ts	ui-csv-grammar	packages/ui/src/csv/grammar.ts	conditional-production	Public contract/consumer/host/deprecation review required; no unused-export deletion approval.
ui	./distribution	types;default	./dist/src/distribution.d.ts;./dist/src/distribution.js	packages/ui/src/distribution.ts	ui-distribution	packages/ui/src/distribution.ts	generated-staged	Public contract/consumer/host/deprecation review required; no unused-export deletion approval.
values	.	types;default	./dist/src/index.d.ts;./dist/src/index.js	packages/values/src/index.ts	values-export-assembly	packages/contracts/src/values.ts,packages/values/src/array.ts,packages/values/src/catalog.ts,packages/values/src/currency-data.ts,packages/values/src/decimal.ts,packages/values/src/equality.ts,packages/values/src/errors.ts,packages/values/src/icu.ts,packages/values/src/index.ts,packages/values/src/int.ts,packages/values/src/internal/schema-core.ts,packages/values/src/kinds.ts,packages/values/src/locale.ts,packages/values/src/money.ts,packages/values/src/schema.ts,packages/values/src/stdlib-pure.ts,packages/values/src/temporal.ts,packages/values/src/text.ts,packages/values/src/timezone.ts,packages/values/src/types.ts,packages/values/src/wire.ts	conditional-production,production-observed-source,public-api-no-observed-in-repo-call,test-only-observed-call,type-contract	Public contract/consumer/host/deprecation review required; no unused-export deletion approval.
values	./bindings/backend	types;default	./dist/bindings/backend.d.ts;./dist/bindings/backend.js	packages/values/bindings/backend.ts	values-backend-ts,values-backend-wasm	packages/values/bindings/backend.ts	conditional-production,test-only-observed-call	Public contract/consumer/host/deprecation review required; no unused-export deletion approval.
values	./bindings/bootstrap	types;default	./dist/bindings/bootstrap.d.ts;./dist/bindings/bootstrap.js	packages/values/bindings/bootstrap.ts	values-bootstrap	packages/values/bindings/bootstrap.ts	conditional-production	Public contract/consumer/host/deprecation review required; no unused-export deletion approval.
values	./bindings/carriers	types;default	./dist/bindings/carriers.d.ts;./dist/bindings/carriers.js	packages/values/bindings/carriers.ts	values-backend-wasm	packages/values/bindings/carriers.ts	conditional-production	Public contract/consumer/host/deprecation review required; no unused-export deletion approval.
values	./bindings/generated/BUILD.json	default	./dist/bindings/generated/BUILD.json	packages/values/bindings/generated/BUILD.json	values-generated-binding	packages/values/bindings/generated/BUILD.json	generated-staged	Public contract/consumer/host/deprecation review required; no unused-export deletion approval.
values	./bindings/generated/values_semantics.js	types;default	./dist/bindings/generated/values_semantics.d.ts;./dist/bindings/generated/values_semantics.js	packages/values/bindings/generated/values_semantics.d.ts,packages/values/bindings/generated/values_semantics.js	values-generated-binding	packages/values/bindings/generated/values_semantics.d.ts,packages/values/bindings/generated/values_semantics.js	generated-staged	Public contract/consumer/host/deprecation review required; no unused-export deletion approval.
values	./bindings/generated/values_semantics_bg.wasm	default	./dist/bindings/generated/values_semantics_bg.wasm	packages/values/bindings/generated/values_semantics_bg.wasm	values-generated-binding	packages/values/bindings/generated/values_semantics_bg.wasm	generated-staged	Public contract/consumer/host/deprecation review required; no unused-export deletion approval.
values	./bindings/owned-input	types;default	./dist/bindings/owned-input.d.ts;./dist/bindings/owned-input.js	packages/values/bindings/owned-input.ts	values-owned-input	packages/values/bindings/owned-input.ts	test-only-observed-call	Public contract/consumer/host/deprecation review required; no unused-export deletion approval.
values	./bindings/plans	types;default	./dist/bindings/plans.d.ts;./dist/bindings/plans.js	packages/values/bindings/plans.ts	values-native-plan-handles	packages/values/bindings/plans.ts	test-only-observed-call	Public contract/consumer/host/deprecation review required; no unused-export deletion approval.
values	./bindings/validation	types;default	./dist/bindings/validation.d.ts;./dist/bindings/validation.js	packages/values/bindings/validation.ts	values-structural-host	packages/values/bindings/validation.ts	test-only-observed-call	Public contract/consumer/host/deprecation review required; no unused-export deletion approval.
values	./conformance/v1/values.json	default	./conformance/v1/values.json	packages/values/conformance/v1/values.json	values-packaging	packages/values/conformance/v1/values.json	production-observed-source	Public contract/consumer/host/deprecation review required; no unused-export deletion approval.
values	./distribution	types;default	./dist/src/distribution.d.ts;./dist/src/distribution.js	packages/values/src/distribution.ts	values-distribution	packages/values/src/distribution.ts	production-observed-source	Public contract/consumer/host/deprecation review required; no unused-export deletion approval.
work	.	types;default	./dist/src/index.d.ts;./dist/src/index.js	packages/work/src/index.ts	W-surface	packages/work/src/catalog.ts,packages/work/src/dispatch/index.ts,packages/work/src/event/index.ts,packages/work/src/index.ts,packages/work/src/intent/index.ts,packages/work/src/kernel/commands.ts,packages/work/src/kernel/tables.ts,packages/work/src/observation/association.ts,packages/work/src/observation/observation.ts,packages/work/src/observation/ports.ts,packages/work/src/ports.ts,packages/work/src/receipt/index.ts,packages/work/src/recovery/index.ts,packages/work/src/schedule/every.ts,packages/work/src/schedule/index.ts	conditional-production,test-only-observed-call,type-contract	Public contract/consumer/host/deprecation review required; no unused-export deletion approval.
work	./catalog	types;default	./dist/src/catalog.d.ts;./dist/src/catalog.js	packages/work/src/catalog.ts	W-surface	packages/work/src/catalog.ts	type-contract	Public contract/consumer/host/deprecation review required; no unused-export deletion approval.
work	./dispatch	types;default	./dist/src/dispatch/index.d.ts;./dist/src/dispatch/index.js	packages/work/src/dispatch/index.ts	W-dispatch	packages/work/src/dispatch/index.ts	conditional-production	Public contract/consumer/host/deprecation review required; no unused-export deletion approval.
work	./distribution	types;default	./dist/src/distribution.d.ts;./dist/src/distribution.js	packages/work/src/distribution.ts	W-surface	packages/work/src/distribution.ts	type-contract	Public contract/consumer/host/deprecation review required; no unused-export deletion approval.
work	./event	types;default	./dist/src/event/index.d.ts;./dist/src/event/index.js	packages/work/src/event/index.ts	W-event	packages/work/src/event/index.ts	test-only-observed-call	Public contract/consumer/host/deprecation review required; no unused-export deletion approval.
work	./intent	types;default	./dist/src/intent/index.d.ts;./dist/src/intent/index.js	packages/work/src/intent/index.ts	W-intent	packages/work/src/intent/index.ts	test-only-observed-call	Public contract/consumer/host/deprecation review required; no unused-export deletion approval.
work	./kernel/commands	types;default	./dist/src/kernel/commands.d.ts;./dist/src/kernel/commands.js	packages/work/src/kernel/commands.ts	W-dispatch-commands,W-schedule-commands	packages/work/src/kernel/commands.ts	conditional-production	Public contract/consumer/host/deprecation review required; no unused-export deletion approval.
work	./kernel/tables	types;default	./dist/src/kernel/tables.d.ts;./dist/src/kernel/tables.js	packages/work/src/kernel/tables.ts	W-rows	packages/work/src/kernel/tables.ts	conditional-production	Public contract/consumer/host/deprecation review required; no unused-export deletion approval.
work	./observation/association	types;default	./dist/src/observation/association.d.ts;./dist/src/observation/association.js	packages/work/src/observation/association.ts	W-observe,W-progress	packages/work/src/observation/association.ts	conditional-production,test-only-observed-call	Public contract/consumer/host/deprecation review required; no unused-export deletion approval.
work	./observation/observation	types;default	./dist/src/observation/observation.d.ts;./dist/src/observation/observation.js	packages/work/src/observation/observation.ts	W-observe,W-progress	packages/work/src/observation/observation.ts	conditional-production,test-only-observed-call	Public contract/consumer/host/deprecation review required; no unused-export deletion approval.
work	./observation/ports	types;default	./dist/src/observation/ports.d.ts;./dist/src/observation/ports.js	packages/work/src/observation/ports.ts	W-port-types,W-test-doubles	packages/work/src/observation/ports.ts	test-only-observed-call,type-contract	Public contract/consumer/host/deprecation review required; no unused-export deletion approval.
work	./ports	types;default	./dist/src/ports.d.ts;./dist/src/ports.js	packages/work/src/ports.ts	W-port-types,W-test-doubles	packages/work/src/ports.ts	test-only-observed-call,type-contract	Public contract/consumer/host/deprecation review required; no unused-export deletion approval.
work	./receipt	types;default	./dist/src/receipt/index.d.ts;./dist/src/receipt/index.js	packages/work/src/receipt/index.ts	W-observe,W-retry-lifecycle	packages/work/src/receipt/index.ts	conditional-production	Public contract/consumer/host/deprecation review required; no unused-export deletion approval.
work	./recovery	types;default	./dist/src/recovery/index.d.ts;./dist/src/recovery/index.js	packages/work/src/recovery/index.ts	W-progress,W-recovery	packages/work/src/recovery/index.ts	conditional-production,test-only-observed-call	Public contract/consumer/host/deprecation review required; no unused-export deletion approval.
work	./schedule	types;default	./dist/src/schedule/index.d.ts;./dist/src/schedule/index.js	packages/work/src/schedule/index.ts	W-schedule	packages/work/src/schedule/index.ts	test-only-observed-call	Public contract/consumer/host/deprecation review required; no unused-export deletion approval.
work	./schedule/every	types;default	./dist/src/schedule/every.d.ts;./dist/src/schedule/every.js	packages/work/src/schedule/every.ts	W-every	packages/work/src/schedule/every.ts	test-only-observed-call	Public contract/consumer/host/deprecation review required; no unused-export deletion approval.
work-kernel	.	types;default	./dist/src/index.d.ts;./dist/src/index.js	packages/work-kernel/src/index.ts	K-surface	packages/work-kernel/src/facts.ts,packages/work-kernel/src/index.ts	prototype-unadopted,type-contract	Public contract/consumer/host/deprecation review required; no unused-export deletion approval.
work-kernel	./distribution	types;default	./dist/src/distribution.d.ts;./dist/src/distribution.js	packages/work-kernel/src/distribution.ts	K-surface	packages/work-kernel/src/distribution.ts	type-contract	Public contract/consumer/host/deprecation review required; no unused-export deletion approval.
